file,line,type,commit,author,date,time,timezone,datetime,depth,length
style.css,1,css,448b0db9,Steven Ouyang,2025-09-27,15:33:16,-07:00,2025-09-27T15:33:16-07:00,0,4
style.css,2,css,448b0db9,Steven Ouyang,2025-09-27,15:33:16,-07:00,2025-09-27T15:33:16-07:00,1,43
style.css,3,css,448b0db9,Steven Ouyang,2025-09-27,15:33:16,-07:00,2025-09-27T15:33:16-07:00,0,42
style.css,4,css,448b0db9,Steven Ouyang,2025-09-27,15:33:16,-07:00,2025-09-27T15:33:16-07:00,0,0
style.css,5,css,448b0db9,Steven Ouyang,2025-09-27,15:33:16,-07:00,2025-09-27T15:33:16-07:00,1,23
style.css,6,css,e3e5bbb1,Steven Ouyang,2025-10-08,22:46:17,-07:00,2025-10-08T22:46:17-07:00,1,15
style.css,7,css,e3e5bbb1,Steven Ouyang,2025-10-08,22:46:17,-07:00,2025-10-08T22:46:17-07:00,1,18
style.css,8,css,e3e5bbb1,Steven Ouyang,2025-10-08,22:46:17,-07:00,2025-10-08T22:46:17-07:00,1,12
style.css,9,css,e3e5bbb1,Steven Ouyang,2025-10-08,22:46:17,-07:00,2025-10-08T22:46:17-07:00,0,0
style.css,10,css,e3e5bbb1,Steven Ouyang,2025-10-08,22:46:17,-07:00,2025-10-08T22:46:17-07:00,0,0
style.css,11,css,e3e5bbb1,Steven Ouyang,2025-10-08,22:46:17,-07:00,2025-10-08T22:46:17-07:00,0,0
style.css,12,css,e3e5bbb1,Steven Ouyang,2025-10-08,22:46:17,-07:00,2025-10-08T22:46:17-07:00,0,0
style.css,13,css,e3e5bbb1,Steven Ouyang,2025-10-08,22:46:17,-07:00,2025-10-08T22:46:17-07:00,0,3
style.css,14,css,e3e5bbb1,Steven Ouyang,2025-10-08,22:46:17,-07:00,2025-10-08T22:46:17-07:00,1,12
style.css,15,css,e3e5bbb1,Steven Ouyang,2025-10-08,22:46:17,-07:00,2025-10-08T22:46:17-07:00,1,19
style.css,16,css,e3e5bbb1,Steven Ouyang,2025-10-08,22:46:17,-07:00,2025-10-08T22:46:17-07:00,1,23
style.css,17,css,e3e5bbb1,Steven Ouyang,2025-10-08,22:46:17,-07:00,2025-10-08T22:46:17-07:00,1,25
style.css,18,css,e3e5bbb1,Steven Ouyang,2025-10-08,22:46:17,-07:00,2025-10-08T22:46:17-07:00,1,37
style.css,19,css,a229973a,Steven Ouyang,2025-10-16,10:07:59,-07:00,2025-10-16T10:07:59-07:00,1,39
style.css,20,css,e3e5bbb1,Steven Ouyang,2025-10-08,22:46:17,-07:00,2025-10-08T22:46:17-07:00,0,0
style.css,21,css,e3e5bbb1,Steven Ouyang,2025-10-08,22:46:17,-07:00,2025-10-08T22:46:17-07:00,0,0
style.css,22,css,e3e5bbb1,Steven Ouyang,2025-10-08,22:46:17,-07:00,2025-10-08T22:46:17-07:00,0,5
style.css,23,css,e3e5bbb1,Steven Ouyang,2025-10-08,22:46:17,-07:00,2025-10-08T22:46:17-07:00,2,6
style.css,24,css,e3e5bbb1,Steven Ouyang,2025-10-08,22:46:17,-07:00,2025-10-08T22:46:17-07:00,2,20
style.css,25,css,e3e5bbb1,Steven Ouyang,2025-10-08,22:46:17,-07:00,2025-10-08T22:46:17-07:00,2,13
style.css,26,css,e3e5bbb1,Steven Ouyang,2025-10-08,22:46:17,-07:00,2025-10-08T22:46:17-07:00,2,17
style.css,27,css,e3e5bbb1,Steven Ouyang,2025-10-08,22:46:17,-07:00,2025-10-08T22:46:17-07:00,2,13
style.css,28,css,e3e5bbb1,Steven Ouyang,2025-10-08,22:46:17,-07:00,2025-10-08T22:46:17-07:00,2,37
style.css,29,css,e3e5bbb1,Steven Ouyang,2025-10-08,22:46:17,-07:00,2025-10-08T22:46:17-07:00,1,0
style.css,30,css,e3e5bbb1,Steven Ouyang,2025-10-08,22:46:17,-07:00,2025-10-08T22:46:17-07:00,0,0
style.css,31,css,e3e5bbb1,Steven Ouyang,2025-10-08,22:46:17,-07:00,2025-10-08T22:46:17-07:00,0,13
style.css,32,css,e3e5bbb1,Steven Ouyang,2025-10-08,22:46:17,-07:00,2025-10-08T22:46:17-07:00,1,25
style.css,33,css,e3e5bbb1,Steven Ouyang,2025-10-08,22:46:17,-07:00,2025-10-08T22:46:17-07:00,1,25
style.css,34,css,e3e5bbb1,Steven Ouyang,2025-10-08,22:46:17,-07:00,2025-10-08T22:46:17-07:00,1,37
style.css,35,css,e3e5bbb1,Steven Ouyang,2025-10-08,22:46:17,-07:00,2025-10-08T22:46:17-07:00,1,20
style.css,36,css,a229973a,Steven Ouyang,2025-10-16,10:07:59,-07:00,2025-10-16T10:07:59-07:00,1,39
style.css,37,css,e3e5bbb1,Steven Ouyang,2025-10-08,22:46:17,-07:00,2025-10-08T22:46:17-07:00,0,0
style.css,38,css,e3e5bbb1,Steven Ouyang,2025-10-08,22:46:17,-07:00,2025-10-08T22:46:17-07:00,0,0
style.css,39,css,e3e5bbb1,Steven Ouyang,2025-10-08,22:46:17,-07:00,2025-10-08T22:46:17-07:00,0,10
style.css,40,css,e3e5bbb1,Steven Ouyang,2025-10-08,22:46:17,-07:00,2025-10-08T22:46:17-07:00,1,25
style.css,41,css,e3e5bbb1,Steven Ouyang,2025-10-08,22:46:17,-07:00,2025-10-08T22:46:17-07:00,1,25
style.css,42,css,e3e5bbb1,Steven Ouyang,2025-10-08,22:46:17,-07:00,2025-10-08T22:46:17-07:00,1,39
style.css,43,css,a229973a,Steven Ouyang,2025-10-16,10:07:59,-07:00,2025-10-16T10:07:59-07:00,1,69
style.css,44,css,e3e5bbb1,Steven Ouyang,2025-10-08,22:46:17,-07:00,2025-10-08T22:46:17-07:00,0,0
style.css,45,css,e3e5bbb1,Steven Ouyang,2025-10-08,22:46:17,-07:00,2025-10-08T22:46:17-07:00,0,0
style.css,46,css,e3e5bbb1,Steven Ouyang,2025-10-08,22:46:17,-07:00,2025-10-08T22:46:17-07:00,0,4
style.css,47,css,e3e5bbb1,Steven Ouyang,2025-10-08,22:46:17,-07:00,2025-10-08T22:46:17-07:00,1,33
style.css,48,css,e3e5bbb1,Steven Ouyang,2025-10-08,22:46:17,-07:00,2025-10-08T22:46:17-07:00,1,32
style.css,49,css,a229973a,Steven Ouyang,2025-10-16,10:07:59,-07:00,2025-10-16T10:07:59-07:00,1,23
style.css,50,css,a229973a,Steven Ouyang,2025-10-16,10:07:59,-07:00,2025-10-16T10:07:59-07:00,1,0
style.css,51,css,e3e5bbb1,Steven Ouyang,2025-10-08,22:46:17,-07:00,2025-10-08T22:46:17-07:00,0,0
style.css,52,css,e3e5bbb1,Steven Ouyang,2025-10-08,22:46:17,-07:00,2025-10-08T22:46:17-07:00,0,0
style.css,53,css,a229973a,Steven Ouyang,2025-10-16,10:07:59,-07:00,2025-10-16T10:07:59-07:00,0,3
style.css,54,css,a229973a,Steven Ouyang,2025-10-16,10:07:59,-07:00,2025-10-16T10:07:59-07:00,1,44
style.css,55,css,a229973a,Steven Ouyang,2025-10-16,10:07:59,-07:00,2025-10-16T10:07:59-07:00,1,39
style.css,56,css,a229973a,Steven Ouyang,2025-10-16,10:07:59,-07:00,2025-10-16T10:07:59-07:00,1,39
style.css,57,css,a229973a,Steven Ouyang,2025-10-16,10:07:59,-07:00,2025-10-16T10:07:59-07:00,0,0
style.css,58,css,a229973a,Steven Ouyang,2025-10-16,10:07:59,-07:00,2025-10-16T10:07:59-07:00,0,0
style.css,59,css,a229973a,Steven Ouyang,2025-10-16,10:07:59,-07:00,2025-10-16T10:07:59-07:00,0,0
style.css,60,css,e3e5bbb1,Steven Ouyang,2025-10-08,22:46:17,-07:00,2025-10-08T22:46:17-07:00,0,4
style.css,61,css,e3e5bbb1,Steven Ouyang,2025-10-08,22:46:17,-07:00,2025-10-08T22:46:17-07:00,1,12
style.css,62,css,e3e5bbb1,Steven Ouyang,2025-10-08,22:46:17,-07:00,2025-10-08T22:46:17-07:00,1,30
style.css,63,css,e3e5bbb1,Steven Ouyang,2025-10-08,22:46:17,-07:00,2025-10-08T22:46:17-07:00,1,7
style.css,64,css,e3e5bbb1,Steven Ouyang,2025-10-08,22:46:17,-07:00,2025-10-08T22:46:17-07:00,0,0
style.css,65,css,e3e5bbb1,Steven Ouyang,2025-10-08,22:46:17,-07:00,2025-10-08T22:46:17-07:00,0,0
style.css,66,css,e3e5bbb1,Steven Ouyang,2025-10-08,22:46:17,-07:00,2025-10-08T22:46:17-07:00,0,10
style.css,67,css,e3e5bbb1,Steven Ouyang,2025-10-08,22:46:17,-07:00,2025-10-08T22:46:17-07:00,1,12
style.css,68,css,e3e5bbb1,Steven Ouyang,2025-10-08,22:46:17,-07:00,2025-10-08T22:46:17-07:00,1,29
style.css,69,css,e3e5bbb1,Steven Ouyang,2025-10-08,22:46:17,-07:00,2025-10-08T22:46:17-07:00,1,18
style.css,70,css,e3e5bbb1,Steven Ouyang,2025-10-08,22:46:17,-07:00,2025-10-08T22:46:17-07:00,0,0
style.css,71,css,e3e5bbb1,Steven Ouyang,2025-10-08,22:46:17,-07:00,2025-10-08T22:46:17-07:00,0,0
style.css,72,css,e3e5bbb1,Steven Ouyang,2025-10-08,22:46:17,-07:00,2025-10-08T22:46:17-07:00,0,11
style.css,73,css,e3e5bbb1,Steven Ouyang,2025-10-08,22:46:17,-07:00,2025-10-08T22:46:17-07:00,1,18
style.css,74,css,e3e5bbb1,Steven Ouyang,2025-10-08,22:46:17,-07:00,2025-10-08T22:46:17-07:00,0,0
style.css,75,css,e3e5bbb1,Steven Ouyang,2025-10-08,22:46:17,-07:00,2025-10-08T22:46:17-07:00,0,0
style.css,76,css,ea3d1acb,Steven Ouyang,2025-10-24,04:40:41,-05:00,2025-10-24T04:40:41-05:00,0,9
style.css,77,css,e3e5bbb1,Steven Ouyang,2025-10-08,22:46:17,-07:00,2025-10-08T22:46:17-07:00,1,12
style.css,78,css,e3e5bbb1,Steven Ouyang,2025-10-08,22:46:17,-07:00,2025-10-08T22:46:17-07:00,1,58
style.css,79,css,e3e5bbb1,Steven Ouyang,2025-10-08,22:46:17,-07:00,2025-10-08T22:46:17-07:00,1,7
style.css,80,css,e3e5bbb1,Steven Ouyang,2025-10-08,22:46:17,-07:00,2025-10-08T22:46:17-07:00,0,0
style.css,81,css,e3e5bbb1,Steven Ouyang,2025-10-08,22:46:17,-07:00,2025-10-08T22:46:17-07:00,0,0
style.css,82,css,ea3d1acb,Steven Ouyang,2025-10-24,04:40:41,-05:00,2025-10-24T04:40:41-05:00,0,17
style.css,83,css,e3e5bbb1,Steven Ouyang,2025-10-08,22:46:17,-07:00,2025-10-08T22:46:17-07:00,1,12
style.css,84,css,e3e5bbb1,Steven Ouyang,2025-10-08,22:46:17,-07:00,2025-10-08T22:46:17-07:00,1,26
style.css,85,css,e3e5bbb1,Steven Ouyang,2025-10-08,22:46:17,-07:00,2025-10-08T22:46:17-07:00,1,15
style.css,86,css,e3e5bbb1,Steven Ouyang,2025-10-08,22:46:17,-07:00,2025-10-08T22:46:17-07:00,1,8
style.css,87,css,e3e5bbb1,Steven Ouyang,2025-10-08,22:46:17,-07:00,2025-10-08T22:46:17-07:00,1,7
style.css,88,css,e3e5bbb1,Steven Ouyang,2025-10-08,22:46:17,-07:00,2025-10-08T22:46:17-07:00,0,0
style.css,89,css,e3e5bbb1,Steven Ouyang,2025-10-08,22:46:17,-07:00,2025-10-08T22:46:17-07:00,0,0
style.css,90,css,e3e5bbb1,Steven Ouyang,2025-10-08,22:46:17,-07:00,2025-10-08T22:46:17-07:00,0,0
style.css,91,css,ea3d1acb,Steven Ouyang,2025-10-24,04:40:41,-05:00,2025-10-24T04:40:41-05:00,0,20
style.css,92,css,e3e5bbb1,Steven Ouyang,2025-10-08,22:46:17,-07:00,2025-10-08T22:46:17-07:00,1,8
style.css,93,css,e3e5bbb1,Steven Ouyang,2025-10-08,22:46:17,-07:00,2025-10-08T22:46:17-07:00,0,0
style.css,94,css,e3e5bbb1,Steven Ouyang,2025-10-08,22:46:17,-07:00,2025-10-08T22:46:17-07:00,0,0
style.css,95,css,e3e5bbb1,Steven Ouyang,2025-10-08,22:46:17,-07:00,2025-10-08T22:46:17-07:00,0,22
style.css,96,css,e3e5bbb1,Steven Ouyang,2025-10-08,22:46:17,-07:00,2025-10-08T22:46:17-07:00,1,15
style.css,97,css,e3e5bbb1,Steven Ouyang,2025-10-08,22:46:17,-07:00,2025-10-08T22:46:17-07:00,1,17
style.css,98,css,e3e5bbb1,Steven Ouyang,2025-10-08,22:46:17,-07:00,2025-10-08T22:46:17-07:00,0,0
style.css,99,css,e3e5bbb1,Steven Ouyang,2025-10-08,22:46:17,-07:00,2025-10-08T22:46:17-07:00,0,0
style.css,100,css,e3e5bbb1,Steven Ouyang,2025-10-08,22:46:17,-07:00,2025-10-08T22:46:17-07:00,0,2
style.css,101,css,e3e5bbb1,Steven Ouyang,2025-10-08,22:46:17,-07:00,2025-10-08T22:46:17-07:00,1,14
style.css,102,css,e3e5bbb1,Steven Ouyang,2025-10-08,22:46:17,-07:00,2025-10-08T22:46:17-07:00,0,0
style.css,103,css,e3e5bbb1,Steven Ouyang,2025-10-08,22:46:17,-07:00,2025-10-08T22:46:17-07:00,0,0
style.css,104,css,e3e5bbb1,Steven Ouyang,2025-10-08,22:46:17,-07:00,2025-10-08T22:46:17-07:00,0,2
style.css,105,css,e3e5bbb1,Steven Ouyang,2025-10-08,22:46:17,-07:00,2025-10-08T22:46:17-07:00,1,14
style.css,106,css,e3e5bbb1,Steven Ouyang,2025-10-08,22:46:17,-07:00,2025-10-08T22:46:17-07:00,0,0
style.css,107,css,e3e5bbb1,Steven Ouyang,2025-10-08,22:46:17,-07:00,2025-10-08T22:46:17-07:00,0,0
style.css,108,css,e3e5bbb1,Steven Ouyang,2025-10-08,22:46:17,-07:00,2025-10-08T22:46:17-07:00,0,10
style.css,109,css,e3e5bbb1,Steven Ouyang,2025-10-08,22:46:17,-07:00,2025-10-08T22:46:17-07:00,1,14
style.css,110,css,e3e5bbb1,Steven Ouyang,2025-10-08,22:46:17,-07:00,2025-10-08T22:46:17-07:00,0,0
style.css,111,css,e3e5bbb1,Steven Ouyang,2025-10-08,22:46:17,-07:00,2025-10-08T22:46:17-07:00,0,0
style.css,112,css,e3e5bbb1,Steven Ouyang,2025-10-08,22:46:17,-07:00,2025-10-08T22:46:17-07:00,0,0
style.css,113,css,e3e5bbb1,Steven Ouyang,2025-10-08,22:46:17,-07:00,2025-10-08T22:46:17-07:00,0,0
style.css,114,css,e3e5bbb1,Steven Ouyang,2025-10-08,22:46:17,-07:00,2025-10-08T22:46:17-07:00,0,11
style.css,115,css,e3e5bbb1,Steven Ouyang,2025-10-08,22:46:17,-07:00,2025-10-08T22:46:17-07:00,1,12
style.css,116,css,e3e5bbb1,Steven Ouyang,2025-10-08,22:46:17,-07:00,2025-10-08T22:46:17-07:00,1,29
style.css,117,css,e3e5bbb1,Steven Ouyang,2025-10-08,22:46:17,-07:00,2025-10-08T22:46:17-07:00,1,20
style.css,118,css,e3e5bbb1,Steven Ouyang,2025-10-08,22:46:17,-07:00,2025-10-08T22:46:17-07:00,1,19
style.css,119,css,e3e5bbb1,Steven Ouyang,2025-10-08,22:46:17,-07:00,2025-10-08T22:46:17-07:00,0,0
style.css,120,css,e3e5bbb1,Steven Ouyang,2025-10-08,22:46:17,-07:00,2025-10-08T22:46:17-07:00,0,0
style.css,121,css,e3e5bbb1,Steven Ouyang,2025-10-08,22:46:17,-07:00,2025-10-08T22:46:17-07:00,0,0
style.css,122,css,e3e5bbb1,Steven Ouyang,2025-10-08,22:46:17,-07:00,2025-10-08T22:46:17-07:00,0,7
style.css,123,css,e3e5bbb1,Steven Ouyang,2025-10-08,22:46:17,-07:00,2025-10-08T22:46:17-07:00,1,16
style.css,124,css,e3e5bbb1,Steven Ouyang,2025-10-08,22:46:17,-07:00,2025-10-08T22:46:17-07:00,0,0
style.css,125,css,e3e5bbb1,Steven Ouyang,2025-10-08,22:46:17,-07:00,2025-10-08T22:46:17-07:00,0,0
style.css,126,css,e3e5bbb1,Steven Ouyang,2025-10-08,22:46:17,-07:00,2025-10-08T22:46:17-07:00,0,0
style.css,127,css,e3e5bbb1,Steven Ouyang,2025-10-08,22:46:17,-07:00,2025-10-08T22:46:17-07:00,0,10
style.css,128,css,e3e5bbb1,Steven Ouyang,2025-10-08,22:46:17,-07:00,2025-10-08T22:46:17-07:00,1,19
style.css,129,css,e3e5bbb1,Steven Ouyang,2025-10-08,22:46:17,-07:00,2025-10-08T22:46:17-07:00,0,0
style.css,130,css,e3e5bbb1,Steven Ouyang,2025-10-08,22:46:17,-07:00,2025-10-08T22:46:17-07:00,0,0
style.css,131,css,e3e5bbb1,Steven Ouyang,2025-10-08,22:46:17,-07:00,2025-10-08T22:46:17-07:00,0,18
style.css,132,css,e3e5bbb1,Steven Ouyang,2025-10-08,22:46:17,-07:00,2025-10-08T22:46:17-07:00,1,17
style.css,133,css,e3e5bbb1,Steven Ouyang,2025-10-08,22:46:17,-07:00,2025-10-08T22:46:17-07:00,1,17
style.css,134,css,e3e5bbb1,Steven Ouyang,2025-10-08,22:46:17,-07:00,2025-10-08T22:46:17-07:00,0,0
style.css,135,css,e3e5bbb1,Steven Ouyang,2025-10-08,22:46:17,-07:00,2025-10-08T22:46:17-07:00,0,0
style.css,136,css,e3e5bbb1,Steven Ouyang,2025-10-08,22:46:17,-07:00,2025-10-08T22:46:17-07:00,0,12
style.css,137,css,e3e5bbb1,Steven Ouyang,2025-10-08,22:46:17,-07:00,2025-10-08T22:46:17-07:00,1,25
style.css,138,css,e3e5bbb1,Steven Ouyang,2025-10-08,22:46:17,-07:00,2025-10-08T22:46:17-07:00,1,25
style.css,139,css,e3e5bbb1,Steven Ouyang,2025-10-08,22:46:17,-07:00,2025-10-08T22:46:17-07:00,1,25
style.css,140,css,e3e5bbb1,Steven Ouyang,2025-10-08,22:46:17,-07:00,2025-10-08T22:46:17-07:00,0,0
style.css,141,css,e3e5bbb1,Steven Ouyang,2025-10-08,22:46:17,-07:00,2025-10-08T22:46:17-07:00,0,0
style.css,142,css,e3e5bbb1,Steven Ouyang,2025-10-08,22:46:17,-07:00,2025-10-08T22:46:17-07:00,0,0
style.css,143,css,e3e5bbb1,Steven Ouyang,2025-10-08,22:46:17,-07:00,2025-10-08T22:46:17-07:00,0,12
style.css,144,css,e3e5bbb1,Steven Ouyang,2025-10-08,22:46:17,-07:00,2025-10-08T22:46:17-07:00,1,14
style.css,145,css,e3e5bbb1,Steven Ouyang,2025-10-08,22:46:17,-07:00,2025-10-08T22:46:17-07:00,1,20
style.css,146,css,e3e5bbb1,Steven Ouyang,2025-10-08,22:46:17,-07:00,2025-10-08T22:46:17-07:00,0,0
style.css,147,css,e3e5bbb1,Steven Ouyang,2025-10-08,22:46:17,-07:00,2025-10-08T22:46:17-07:00,0,0
style.css,148,css,e3e5bbb1,Steven Ouyang,2025-10-08,22:46:17,-07:00,2025-10-08T22:46:17-07:00,0,13
style.css,149,css,e3e5bbb1,Steven Ouyang,2025-10-08,22:46:17,-07:00,2025-10-08T22:46:17-07:00,1,15
style.css,150,css,e3e5bbb1,Steven Ouyang,2025-10-08,22:46:17,-07:00,2025-10-08T22:46:17-07:00,0,0
style.css,151,css,e3e5bbb1,Steven Ouyang,2025-10-08,22:46:17,-07:00,2025-10-08T22:46:17-07:00,0,0
style.css,152,css,e3e5bbb1,Steven Ouyang,2025-10-08,22:46:17,-07:00,2025-10-08T22:46:17-07:00,0,15
style.css,153,css,e3e5bbb1,Steven Ouyang,2025-10-08,22:46:17,-07:00,2025-10-08T22:46:17-07:00,1,8
style.css,154,css,e3e5bbb1,Steven Ouyang,2025-10-08,22:46:17,-07:00,2025-10-08T22:46:17-07:00,0,0
style.css,155,css,e3e5bbb1,Steven Ouyang,2025-10-08,22:46:17,-07:00,2025-10-08T22:46:17-07:00,0,0
style.css,156,css,e3e5bbb1,Steven Ouyang,2025-10-08,22:46:17,-07:00,2025-10-08T22:46:17-07:00,0,0
style.css,157,css,e3e5bbb1,Steven Ouyang,2025-10-08,22:46:17,-07:00,2025-10-08T22:46:17-07:00,0,0
style.css,158,css,e3e5bbb1,Steven Ouyang,2025-10-08,22:46:17,-07:00,2025-10-08T22:46:17-07:00,0,0
style.css,159,css,e3e5bbb1,Steven Ouyang,2025-10-08,22:46:17,-07:00,2025-10-08T22:46:17-07:00,0,0
style.css,160,css,e3e5bbb1,Steven Ouyang,2025-10-08,22:46:17,-07:00,2025-10-08T22:46:17-07:00,0,16
style.css,161,css,e3e5bbb1,Steven Ouyang,2025-10-08,22:46:17,-07:00,2025-10-08T22:46:17-07:00,1,14
style.css,162,css,e3e5bbb1,Steven Ouyang,2025-10-08,22:46:17,-07:00,2025-10-08T22:46:17-07:00,1,20
style.css,163,css,e3e5bbb1,Steven Ouyang,2025-10-08,22:46:17,-07:00,2025-10-08T22:46:17-07:00,0,0
style.css,164,css,e3e5bbb1,Steven Ouyang,2025-10-08,22:46:17,-07:00,2025-10-08T22:46:17-07:00,0,0
style.css,165,css,e3e5bbb1,Steven Ouyang,2025-10-08,22:46:17,-07:00,2025-10-08T22:46:17-07:00,0,16
style.css,166,css,e3e5bbb1,Steven Ouyang,2025-10-08,22:46:17,-07:00,2025-10-08T22:46:17-07:00,1,15
style.css,167,css,e3e5bbb1,Steven Ouyang,2025-10-08,22:46:17,-07:00,2025-10-08T22:46:17-07:00,0,0
style.css,168,css,e3e5bbb1,Steven Ouyang,2025-10-08,22:46:17,-07:00,2025-10-08T22:46:17-07:00,0,0
style.css,169,css,e3e5bbb1,Steven Ouyang,2025-10-08,22:46:17,-07:00,2025-10-08T22:46:17-07:00,0,18
style.css,170,css,e3e5bbb1,Steven Ouyang,2025-10-08,22:46:17,-07:00,2025-10-08T22:46:17-07:00,1,8
style.css,171,css,e3e5bbb1,Steven Ouyang,2025-10-08,22:46:17,-07:00,2025-10-08T22:46:17-07:00,0,0
style.css,172,css,e3e5bbb1,Steven Ouyang,2025-10-08,22:46:17,-07:00,2025-10-08T22:46:17-07:00,0,0
style.css,173,css,e3e5bbb1,Steven Ouyang,2025-10-08,22:46:17,-07:00,2025-10-08T22:46:17-07:00,0,0
style.css,174,css,e3e5bbb1,Steven Ouyang,2025-10-08,22:46:17,-07:00,2025-10-08T22:46:17-07:00,0,0
style.css,175,css,e3e5bbb1,Steven Ouyang,2025-10-08,22:46:17,-07:00,2025-10-08T22:46:17-07:00,0,0
style.css,176,css,e3e5bbb1,Steven Ouyang,2025-10-08,22:46:17,-07:00,2025-10-08T22:46:17-07:00,0,0
style.css,177,css,e3e5bbb1,Steven Ouyang,2025-10-08,22:46:17,-07:00,2025-10-08T22:46:17-07:00,0,0
style.css,178,css,e3e5bbb1,Steven Ouyang,2025-10-08,22:46:17,-07:00,2025-10-08T22:46:17-07:00,0,12
style.css,179,css,e3e5bbb1,Steven Ouyang,2025-10-08,22:46:17,-07:00,2025-10-08T22:46:17-07:00,1,12
style.css,180,css,e3e5bbb1,Steven Ouyang,2025-10-08,22:46:17,-07:00,2025-10-08T22:46:17-07:00,1,29
style.css,181,css,e3e5bbb1,Steven Ouyang,2025-10-08,22:46:17,-07:00,2025-10-08T22:46:17-07:00,1,20
style.css,182,css,e3e5bbb1,Steven Ouyang,2025-10-08,22:46:17,-07:00,2025-10-08T22:46:17-07:00,1,19
style.css,183,css,e3e5bbb1,Steven Ouyang,2025-10-08,22:46:17,-07:00,2025-10-08T22:46:17-07:00,0,0
style.css,184,css,e3e5bbb1,Steven Ouyang,2025-10-08,22:46:17,-07:00,2025-10-08T22:46:17-07:00,0,0
style.css,185,css,e3e5bbb1,Steven Ouyang,2025-10-08,22:46:17,-07:00,2025-10-08T22:46:17-07:00,0,0
style.css,186,css,e3e5bbb1,Steven Ouyang,2025-10-08,22:46:17,-07:00,2025-10-08T22:46:17-07:00,0,11
style.css,187,css,e3e5bbb1,Steven Ouyang,2025-10-08,22:46:17,-07:00,2025-10-08T22:46:17-07:00,1,16
style.css,188,css,e3e5bbb1,Steven Ouyang,2025-10-08,22:46:17,-07:00,2025-10-08T22:46:17-07:00,0,0
style.css,189,css,e3e5bbb1,Steven Ouyang,2025-10-08,22:46:17,-07:00,2025-10-08T22:46:17-07:00,0,0
style.css,190,css,e3e5bbb1,Steven Ouyang,2025-10-08,22:46:17,-07:00,2025-10-08T22:46:17-07:00,0,16
style.css,191,css,e3e5bbb1,Steven Ouyang,2025-10-08,22:46:17,-07:00,2025-10-08T22:46:17-07:00,1,19
style.css,192,css,e3e5bbb1,Steven Ouyang,2025-10-08,22:46:17,-07:00,2025-10-08T22:46:17-07:00,0,0
style.css,193,css,e3e5bbb1,Steven Ouyang,2025-10-08,22:46:17,-07:00,2025-10-08T22:46:17-07:00,0,0
style.css,194,css,e3e5bbb1,Steven Ouyang,2025-10-08,22:46:17,-07:00,2025-10-08T22:46:17-07:00,0,18
style.css,195,css,e3e5bbb1,Steven Ouyang,2025-10-08,22:46:17,-07:00,2025-10-08T22:46:17-07:00,1,14
style.css,196,css,e3e5bbb1,Steven Ouyang,2025-10-08,22:46:17,-07:00,2025-10-08T22:46:17-07:00,1,20
style.css,197,css,e3e5bbb1,Steven Ouyang,2025-10-08,22:46:17,-07:00,2025-10-08T22:46:17-07:00,0,0
style.css,198,css,e3e5bbb1,Steven Ouyang,2025-10-08,22:46:17,-07:00,2025-10-08T22:46:17-07:00,0,0
style.css,199,css,e3e5bbb1,Steven Ouyang,2025-10-08,22:46:17,-07:00,2025-10-08T22:46:17-07:00,0,19
style.css,200,css,e3e5bbb1,Steven Ouyang,2025-10-08,22:46:17,-07:00,2025-10-08T22:46:17-07:00,1,15
style.css,201,css,e3e5bbb1,Steven Ouyang,2025-10-08,22:46:17,-07:00,2025-10-08T22:46:17-07:00,0,0
style.css,202,css,e3e5bbb1,Steven Ouyang,2025-10-08,22:46:17,-07:00,2025-10-08T22:46:17-07:00,0,0
style.css,203,css,e3e5bbb1,Steven Ouyang,2025-10-08,22:46:17,-07:00,2025-10-08T22:46:17-07:00,0,21
style.css,204,css,e3e5bbb1,Steven Ouyang,2025-10-08,22:46:17,-07:00,2025-10-08T22:46:17-07:00,1,8
style.css,205,css,e3e5bbb1,Steven Ouyang,2025-10-08,22:46:17,-07:00,2025-10-08T22:46:17-07:00,0,0
style.css,206,css,e3e5bbb1,Steven Ouyang,2025-10-08,22:46:17,-07:00,2025-10-08T22:46:17-07:00,0,0
style.css,207,css,e3e5bbb1,Steven Ouyang,2025-10-08,22:46:17,-07:00,2025-10-08T22:46:17-07:00,0,0
style.css,208,css,e3e5bbb1,Steven Ouyang,2025-10-08,22:46:17,-07:00,2025-10-08T22:46:17-07:00,0,0
style.css,209,css,e3e5bbb1,Steven Ouyang,2025-10-08,22:46:17,-07:00,2025-10-08T22:46:17-07:00,0,0
style.css,210,css,e3e5bbb1,Steven Ouyang,2025-10-08,22:46:17,-07:00,2025-10-08T22:46:17-07:00,0,11
style.css,211,css,e3e5bbb1,Steven Ouyang,2025-10-08,22:46:17,-07:00,2025-10-08T22:46:17-07:00,1,12
style.css,212,css,e3e5bbb1,Steven Ouyang,2025-10-08,22:46:17,-07:00,2025-10-08T22:46:17-07:00,1,29
style.css,213,css,e3e5bbb1,Steven Ouyang,2025-10-08,22:46:17,-07:00,2025-10-08T22:46:17-07:00,1,22
style.css,214,css,e3e5bbb1,Steven Ouyang,2025-10-08,22:46:17,-07:00,2025-10-08T22:46:17-07:00,1,19
style.css,215,css,e3e5bbb1,Steven Ouyang,2025-10-08,22:46:17,-07:00,2025-10-08T22:46:17-07:00,0,0
style.css,216,css,e3e5bbb1,Steven Ouyang,2025-10-08,22:46:17,-07:00,2025-10-08T22:46:17-07:00,0,0
style.css,217,css,e3e5bbb1,Steven Ouyang,2025-10-08,22:46:17,-07:00,2025-10-08T22:46:17-07:00,0,41
style.css,218,css,e3e5bbb1,Steven Ouyang,2025-10-08,22:46:17,-07:00,2025-10-08T22:46:17-07:00,1,16
style.css,219,css,e3e5bbb1,Steven Ouyang,2025-10-08,22:46:17,-07:00,2025-10-08T22:46:17-07:00,0,0
style.css,220,css,e3e5bbb1,Steven Ouyang,2025-10-08,22:46:17,-07:00,2025-10-08T22:46:17-07:00,0,0
style.css,221,css,e3e5bbb1,Steven Ouyang,2025-10-08,22:46:17,-07:00,2025-10-08T22:46:17-07:00,0,17
style.css,222,css,e3e5bbb1,Steven Ouyang,2025-10-08,22:46:17,-07:00,2025-10-08T22:46:17-07:00,0,16
style.css,223,css,e3e5bbb1,Steven Ouyang,2025-10-08,22:46:17,-07:00,2025-10-08T22:46:17-07:00,1,13
style.css,224,css,e3e5bbb1,Steven Ouyang,2025-10-08,22:46:17,-07:00,2025-10-08T22:46:17-07:00,0,0
style.css,225,css,e3e5bbb1,Steven Ouyang,2025-10-08,22:46:17,-07:00,2025-10-08T22:46:17-07:00,0,0
style.css,226,css,e3e5bbb1,Steven Ouyang,2025-10-08,22:46:17,-07:00,2025-10-08T22:46:17-07:00,0,17
style.css,227,css,e3e5bbb1,Steven Ouyang,2025-10-08,22:46:17,-07:00,2025-10-08T22:46:17-07:00,1,16
style.css,228,css,e3e5bbb1,Steven Ouyang,2025-10-08,22:46:17,-07:00,2025-10-08T22:46:17-07:00,0,0
style.css,229,css,e3e5bbb1,Steven Ouyang,2025-10-08,22:46:17,-07:00,2025-10-08T22:46:17-07:00,0,0
style.css,230,css,e3e5bbb1,Steven Ouyang,2025-10-08,22:46:17,-07:00,2025-10-08T22:46:17-07:00,0,8
style.css,231,css,e3e5bbb1,Steven Ouyang,2025-10-08,22:46:17,-07:00,2025-10-08T22:46:17-07:00,0,10
style.css,232,css,e3e5bbb1,Steven Ouyang,2025-10-08,22:46:17,-07:00,2025-10-08T22:46:17-07:00,1,13
style.css,233,css,e3e5bbb1,Steven Ouyang,2025-10-08,22:46:17,-07:00,2025-10-08T22:46:17-07:00,0,0
style.css,234,css,e3e5bbb1,Steven Ouyang,2025-10-08,22:46:17,-07:00,2025-10-08T22:46:17-07:00,0,0
style.css,235,css,e3e5bbb1,Steven Ouyang,2025-10-08,22:46:17,-07:00,2025-10-08T22:46:17-07:00,0,10
style.css,236,css,e3e5bbb1,Steven Ouyang,2025-10-08,22:46:17,-07:00,2025-10-08T22:46:17-07:00,1,16
style.css,237,css,e3e5bbb1,Steven Ouyang,2025-10-08,22:46:17,-07:00,2025-10-08T22:46:17-07:00,1,12
style.css,238,css,e3e5bbb1,Steven Ouyang,2025-10-08,22:46:17,-07:00,2025-10-08T22:46:17-07:00,1,21
style.css,239,css,e3e5bbb1,Steven Ouyang,2025-10-08,22:46:17,-07:00,2025-10-08T22:46:17-07:00,1,20
style.css,240,css,e3e5bbb1,Steven Ouyang,2025-10-08,22:46:17,-07:00,2025-10-08T22:46:17-07:00,0,0
style.css,241,css,e3e5bbb1,Steven Ouyang,2025-10-08,22:46:17,-07:00,2025-10-08T22:46:17-07:00,0,0
style.css,242,css,e3e5bbb1,Steven Ouyang,2025-10-08,22:46:17,-07:00,2025-10-08T22:46:17-07:00,0,8
style.css,243,css,e3e5bbb1,Steven Ouyang,2025-10-08,22:46:17,-07:00,2025-10-08T22:46:17-07:00,1,18
style.css,244,css,e3e5bbb1,Steven Ouyang,2025-10-08,22:46:17,-07:00,2025-10-08T22:46:17-07:00,0,0
style.css,245,css,e3e5bbb1,Steven Ouyang,2025-10-08,22:46:17,-07:00,2025-10-08T22:46:17-07:00,0,0
style.css,246,css,e3e5bbb1,Steven Ouyang,2025-10-08,22:46:17,-07:00,2025-10-08T22:46:17-07:00,0,10
style.css,247,css,e3e5bbb1,Steven Ouyang,2025-10-08,22:46:17,-07:00,2025-10-08T22:46:17-07:00,1,14
style.css,248,css,e3e5bbb1,Steven Ouyang,2025-10-08,22:46:17,-07:00,2025-10-08T22:46:17-07:00,1,20
style.css,249,css,e3e5bbb1,Steven Ouyang,2025-10-08,22:46:17,-07:00,2025-10-08T22:46:17-07:00,0,0
style.css,250,css,e3e5bbb1,Steven Ouyang,2025-10-08,22:46:17,-07:00,2025-10-08T22:46:17-07:00,0,0
style.css,251,css,e3e5bbb1,Steven Ouyang,2025-10-08,22:46:17,-07:00,2025-10-08T22:46:17-07:00,0,10
style.css,252,css,e3e5bbb1,Steven Ouyang,2025-10-08,22:46:17,-07:00,2025-10-08T22:46:17-07:00,1,15
style.css,253,css,e3e5bbb1,Steven Ouyang,2025-10-08,22:46:17,-07:00,2025-10-08T22:46:17-07:00,0,0
style.css,254,css,e3e5bbb1,Steven Ouyang,2025-10-08,22:46:17,-07:00,2025-10-08T22:46:17-07:00,0,0
style.css,255,css,e3e5bbb1,Steven Ouyang,2025-10-08,22:46:17,-07:00,2025-10-08T22:46:17-07:00,0,12
style.css,256,css,e3e5bbb1,Steven Ouyang,2025-10-08,22:46:17,-07:00,2025-10-08T22:46:17-07:00,1,8
style.css,257,css,a229973a,Steven Ouyang,2025-10-16,10:07:59,-07:00,2025-10-16T10:07:59-07:00,0,0
style.css,258,css,a229973a,Steven Ouyang,2025-10-16,10:07:59,-07:00,2025-10-16T10:07:59-07:00,0,0
style.css,259,css,a229973a,Steven Ouyang,2025-10-16,10:07:59,-07:00,2025-10-16T10:07:59-07:00,0,12
style.css,260,css,a229973a,Steven Ouyang,2025-10-16,10:07:59,-07:00,2025-10-16T10:07:59-07:00,1,17
style.css,261,css,a229973a,Steven Ouyang,2025-10-16,10:07:59,-07:00,2025-10-16T10:07:59-07:00,1,8
style.css,262,css,a229973a,Steven Ouyang,2025-10-16,10:07:59,-07:00,2025-10-16T10:07:59-07:00,1,10
style.css,263,css,a229973a,Steven Ouyang,2025-10-16,10:07:59,-07:00,2025-10-16T10:07:59-07:00,1,13
style.css,264,css,a229973a,Steven Ouyang,2025-10-16,10:07:59,-07:00,2025-10-16T10:07:59-07:00,1,19
style.css,265,css,a229973a,Steven Ouyang,2025-10-16,10:07:59,-07:00,2025-10-16T10:07:59-07:00,0,0
style.css,266,css,ea3d1acb,Steven Ouyang,2025-10-24,04:40:41,-05:00,2025-10-24T04:40:41-05:00,0,0
style.css,267,css,ea3d1acb,Steven Ouyang,2025-10-24,04:40:41,-05:00,2025-10-24T04:40:41-05:00,0,0
style.css,268,css,ea3d1acb,Steven Ouyang,2025-10-24,04:40:41,-05:00,2025-10-24T04:40:41-05:00,0,0
style.css,269,css,ea3d1acb,Steven Ouyang,2025-10-24,04:40:41,-05:00,2025-10-24T04:40:41-05:00,0,17
style.css,270,css,ea3d1acb,Steven Ouyang,2025-10-24,04:40:41,-05:00,2025-10-24T04:40:41-05:00,1,12
style.css,271,css,ea3d1acb,Steven Ouyang,2025-10-24,04:40:41,-05:00,2025-10-24T04:40:41-05:00,1,36
style.css,272,css,ea3d1acb,Steven Ouyang,2025-10-24,04:40:41,-05:00,2025-10-24T04:40:41-05:00,2,28
style.css,273,css,ea3d1acb,Steven Ouyang,2025-10-24,04:40:41,-05:00,2025-10-24T04:40:41-05:00,2,10
style.css,274,css,ea3d1acb,Steven Ouyang,2025-10-24,04:40:41,-05:00,2025-10-24T04:40:41-05:00,0,0
style.css,275,css,ea3d1acb,Steven Ouyang,2025-10-24,04:40:41,-05:00,2025-10-24T04:40:41-05:00,0,0
style.css,276,css,ea3d1acb,Steven Ouyang,2025-10-24,04:40:41,-05:00,2025-10-24T04:40:41-05:00,0,17
style.css,277,css,ea3d1acb,Steven Ouyang,2025-10-24,04:40:41,-05:00,2025-10-24T04:40:41-05:00,1,10
style.css,278,css,ea3d1acb,Steven Ouyang,2025-10-24,04:40:41,-05:00,2025-10-24T04:40:41-05:00,1,24
style.css,279,css,ea3d1acb,Steven Ouyang,2025-10-24,04:40:41,-05:00,2025-10-24T04:40:41-05:00,1,16
style.css,280,css,ea3d1acb,Steven Ouyang,2025-10-24,04:40:41,-05:00,2025-10-24T04:40:41-05:00,1,10
style.css,281,css,ea3d1acb,Steven Ouyang,2025-10-24,04:40:41,-05:00,2025-10-24T04:40:41-05:00,1,20
style.css,282,css,ea3d1acb,Steven Ouyang,2025-10-24,04:40:41,-05:00,2025-10-24T04:40:41-05:00,1,14
style.css,283,css,ea3d1acb,Steven Ouyang,2025-10-24,04:40:41,-05:00,2025-10-24T04:40:41-05:00,0,0
style.css,284,css,ea3d1acb,Steven Ouyang,2025-10-24,04:40:41,-05:00,2025-10-24T04:40:41-05:00,0,0
style.css,285,css,ea3d1acb,Steven Ouyang,2025-10-24,04:40:41,-05:00,2025-10-24T04:40:41-05:00,0,17
style.css,286,css,ea3d1acb,Steven Ouyang,2025-10-24,04:40:41,-05:00,2025-10-24T04:40:41-05:00,1,10
style.css,287,css,ea3d1acb,Steven Ouyang,2025-10-24,04:40:41,-05:00,2025-10-24T04:40:41-05:00,1,16
style.css,288,css,ea3d1acb,Steven Ouyang,2025-10-24,04:40:41,-05:00,2025-10-24T04:40:41-05:00,1,16
style.css,289,css,ea3d1acb,Steven Ouyang,2025-10-24,04:40:41,-05:00,2025-10-24T04:40:41-05:00,1,10
style.css,290,css,ea3d1acb,Steven Ouyang,2025-10-24,04:40:41,-05:00,2025-10-24T04:40:41-05:00,1,15
style.css,291,css,418fcbe9,Steven Ouyang,2025-10-31,00:02:00,-07:00,2025-10-31T00:02:00-07:00,0,0
style.css,292,css,418fcbe9,Steven Ouyang,2025-10-31,00:02:00,-07:00,2025-10-31T00:02:00-07:00,0,0
style.css,293,css,418fcbe9,Steven Ouyang,2025-10-31,00:02:00,-07:00,2025-10-31T00:02:00-07:00,0,13
style.css,294,css,418fcbe9,Steven Ouyang,2025-10-31,00:02:00,-07:00,2025-10-31T00:02:00-07:00,1,12
style.css,295,css,418fcbe9,Steven Ouyang,2025-10-31,00:02:00,-07:00,2025-10-31T00:02:00-07:00,1,22
style.css,296,css,418fcbe9,Steven Ouyang,2025-10-31,00:02:00,-07:00,2025-10-31T00:02:00-07:00,0,0
style.css,297,css,418fcbe9,Steven Ouyang,2025-10-31,00:02:00,-07:00,2025-10-31T00:02:00-07:00,0,0
style.css,298,css,418fcbe9,Steven Ouyang,2025-10-31,00:02:00,-07:00,2025-10-31T00:02:00-07:00,0,13
style.css,299,css,418fcbe9,Steven Ouyang,2025-10-31,00:02:00,-07:00,2025-10-31T00:02:00-07:00,1,30
style.css,300,css,418fcbe9,Steven Ouyang,2025-10-31,00:02:00,-07:00,2025-10-31T00:02:00-07:00,1,17
style.css,301,css,418fcbe9,Steven Ouyang,2025-10-31,00:02:00,-07:00,2025-10-31T00:02:00-07:00,1,16
style.css,302,css,418fcbe9,Steven Ouyang,2025-10-31,00:02:00,-07:00,2025-10-31T00:02:00-07:00,1,13
style.css,303,css,418fcbe9,Steven Ouyang,2025-10-31,00:02:00,-07:00,2025-10-31T00:02:00-07:00,1,34
style.css,304,css,418fcbe9,Steven Ouyang,2025-10-31,00:02:00,-07:00,2025-10-31T00:02:00-07:00,1,16
style.css,305,css,418fcbe9,Steven Ouyang,2025-10-31,00:02:00,-07:00,2025-10-31T00:02:00-07:00,0,0
style.css,306,css,418fcbe9,Steven Ouyang,2025-10-31,00:02:00,-07:00,2025-10-31T00:02:00-07:00,0,0
style.css,307,css,418fcbe9,Steven Ouyang,2025-10-31,00:02:00,-07:00,2025-10-31T00:02:00-07:00,0,18
style.css,308,css,418fcbe9,Steven Ouyang,2025-10-31,00:02:00,-07:00,2025-10-31T00:02:00-07:00,1,14
style.css,309,css,418fcbe9,Steven Ouyang,2025-10-31,00:02:00,-07:00,2025-10-31T00:02:00-07:00,1,16
style.css,310,css,418fcbe9,Steven Ouyang,2025-10-31,00:02:00,-07:00,2025-10-31T00:02:00-07:00,0,0
style.css,311,css,418fcbe9,Steven Ouyang,2025-10-31,00:02:00,-07:00,2025-10-31T00:02:00-07:00,1,16
style.css,312,css,418fcbe9,Steven Ouyang,2025-10-31,00:02:00,-07:00,2025-10-31T00:02:00-07:00,0,0
style.css,313,css,418fcbe9,Steven Ouyang,2025-10-31,00:02:00,-07:00,2025-10-31T00:02:00-07:00,0,0
style.css,314,css,418fcbe9,Steven Ouyang,2025-10-31,00:02:00,-07:00,2025-10-31T00:02:00-07:00,0,7
style.css,315,css,418fcbe9,Steven Ouyang,2025-10-31,00:02:00,-07:00,2025-10-31T00:02:00-07:00,1,9
style.css,316,css,418fcbe9,Steven Ouyang,2025-10-31,00:02:00,-07:00,2025-10-31T00:02:00-07:00,1,10
style.css,317,css,418fcbe9,Steven Ouyang,2025-10-31,00:02:00,-07:00,2025-10-31T00:02:00-07:00,1,18
style.css,318,css,418fcbe9,Steven Ouyang,2025-10-31,00:02:00,-07:00,2025-10-31T00:02:00-07:00,1,29
style.css,319,css,418fcbe9,Steven Ouyang,2025-10-31,00:02:00,-07:00,2025-10-31T00:02:00-07:00,1,17
style.css,320,css,418fcbe9,Steven Ouyang,2025-10-31,00:02:00,-07:00,2025-10-31T00:02:00-07:00,1,20
style.css,321,css,418fcbe9,Steven Ouyang,2025-10-31,00:02:00,-07:00,2025-10-31T00:02:00-07:00,0,0
style.css,322,css,418fcbe9,Steven Ouyang,2025-10-31,00:02:00,-07:00,2025-10-31T00:02:00-07:00,0,0
style.css,323,css,418fcbe9,Steven Ouyang,2025-10-31,00:02:00,-07:00,2025-10-31T00:02:00-07:00,0,7
style.css,324,css,418fcbe9,Steven Ouyang,2025-10-31,00:02:00,-07:00,2025-10-31T00:02:00-07:00,1,12
style.css,325,css,418fcbe9,Steven Ouyang,2025-10-31,00:02:00,-07:00,2025-10-31T00:02:00-07:00,1,57
style.css,326,css,418fcbe9,Steven Ouyang,2025-10-31,00:02:00,-07:00,2025-10-31T00:02:00-07:00,1,7
style.css,327,css,418fcbe9,Steven Ouyang,2025-10-31,00:02:00,-07:00,2025-10-31T00:02:00-07:00,1,15
style.css,328,css,418fcbe9,Steven Ouyang,2025-10-31,00:02:00,-07:00,2025-10-31T00:02:00-07:00,1,12
style.css,329,css,418fcbe9,Steven Ouyang,2025-10-31,00:02:00,-07:00,2025-10-31T00:02:00-07:00,1,8
style.css,330,css,418fcbe9,Steven Ouyang,2025-10-31,00:02:00,-07:00,2025-10-31T00:02:00-07:00,1,54
style.css,331,css,418fcbe9,Steven Ouyang,2025-10-31,00:02:00,-07:00,2025-10-31T00:02:00-07:00,1,17
style.css,332,css,418fcbe9,Steven Ouyang,2025-10-31,00:02:00,-07:00,2025-10-31T00:02:00-07:00,1,21
style.css,333,css,418fcbe9,Steven Ouyang,2025-10-31,00:02:00,-07:00,2025-10-31T00:02:00-07:00,1,6
style.css,334,css,418fcbe9,Steven Ouyang,2025-10-31,00:02:00,-07:00,2025-10-31T00:02:00-07:00,0,0
style.css,335,css,418fcbe9,Steven Ouyang,2025-10-31,00:02:00,-07:00,2025-10-31T00:02:00-07:00,0,0
style.css,336,css,418fcbe9,Steven Ouyang,2025-10-31,00:02:00,-07:00,2025-10-31T00:02:00-07:00,0,12
style.css,337,css,418fcbe9,Steven Ouyang,2025-10-31,00:02:00,-07:00,2025-10-31T00:02:00-07:00,1,12
style.css,338,css,418fcbe9,Steven Ouyang,2025-10-31,00:02:00,-07:00,2025-10-31T00:02:00-07:00,1,18
style.css,339,css,418fcbe9,Steven Ouyang,2025-10-31,00:02:00,-07:00,2025-10-31T00:02:00-07:00,1,10
style.css,340,css,418fcbe9,Steven Ouyang,2025-10-31,00:02:00,-07:00,2025-10-31T00:02:00-07:00,0,0
style.css,341,css,418fcbe9,Steven Ouyang,2025-10-31,00:02:00,-07:00,2025-10-31T00:02:00-07:00,0,0
style.css,342,css,418fcbe9,Steven Ouyang,2025-10-31,00:02:00,-07:00,2025-10-31T00:02:00-07:00,0,10
style.css,343,css,418fcbe9,Steven Ouyang,2025-10-31,00:02:00,-07:00,2025-10-31T00:02:00-07:00,1,12
style.css,344,css,418fcbe9,Steven Ouyang,2025-10-31,00:02:00,-07:00,2025-10-31T00:02:00-07:00,1,6
style.css,345,css,418fcbe9,Steven Ouyang,2025-10-31,00:02:00,-07:00,2025-10-31T00:02:00-07:00,1,7
style.css,346,css,418fcbe9,Steven Ouyang,2025-10-31,00:02:00,-07:00,2025-10-31T00:02:00-07:00,1,18
style.css,347,css,418fcbe9,Steven Ouyang,2025-10-31,00:02:00,-07:00,2025-10-31T00:02:00-07:00,0,0
style.css,348,css,418fcbe9,Steven Ouyang,2025-10-31,00:02:00,-07:00,2025-10-31T00:02:00-07:00,0,0
style.css,349,css,418fcbe9,Steven Ouyang,2025-10-31,00:02:00,-07:00,2025-10-31T00:02:00-07:00,0,17
style.css,350,css,418fcbe9,Steven Ouyang,2025-10-31,00:02:00,-07:00,2025-10-31T00:02:00-07:00,1,16
style.css,351,css,418fcbe9,Steven Ouyang,2025-10-31,00:02:00,-07:00,2025-10-31T00:02:00-07:00,2,11
style.css,352,css,418fcbe9,Steven Ouyang,2025-10-31,00:02:00,-07:00,2025-10-31T00:02:00-07:00,1,0
style.css,353,css,418fcbe9,Steven Ouyang,2025-10-31,00:02:00,-07:00,2025-10-31T00:02:00-07:00,0,0
style.css,354,css,418fcbe9,Steven Ouyang,2025-10-31,00:02:00,-07:00,2025-10-31T00:02:00-07:00,0,0
style.css,355,css,418fcbe9,Steven Ouyang,2025-10-31,00:02:00,-07:00,2025-10-31T00:02:00-07:00,0,4
style.css,356,css,418fcbe9,Steven Ouyang,2025-10-31,00:02:00,-07:00,2025-10-31T00:02:00-07:00,1,16
style.css,357,css,418fcbe9,Steven Ouyang,2025-10-31,00:02:00,-07:00,2025-10-31T00:02:00-07:00,1,14
style.css,358,css,418fcbe9,Steven Ouyang,2025-10-31,00:02:00,-07:00,2025-10-31T00:02:00-07:00,0,0
style.css,359,css,418fcbe9,Steven Ouyang,2025-10-31,00:02:00,-07:00,2025-10-31T00:02:00-07:00,0,0
style.css,360,css,418fcbe9,Steven Ouyang,2025-10-31,00:02:00,-07:00,2025-10-31T00:02:00-07:00,0,9
style.css,361,css,ed9c9140,Steven Ouyang,2025-10-31,12:53:27,-07:00,2025-10-31T12:53:27-07:00,1,48
style.css,362,css,418fcbe9,Steven Ouyang,2025-10-31,00:02:00,-07:00,2025-10-31T00:02:00-07:00,0,0
style.css,363,css,418fcbe9,Steven Ouyang,2025-10-31,00:02:00,-07:00,2025-10-31T00:02:00-07:00,1,10
style.css,364,css,418fcbe9,Steven Ouyang,2025-10-31,00:02:00,-07:00,2025-10-31T00:02:00-07:00,2,17
style.css,365,css,418fcbe9,Steven Ouyang,2025-10-31,00:02:00,-07:00,2025-10-31T00:02:00-07:00,1,0
style.css,366,css,448b0db9,Steven Ouyang,2025-09-27,15:33:16,-07:00,2025-09-27T15:33:16-07:00,0,0
index.js,1,js,ea3d1acb,Steven Ouyang,2025-10-24,04:40:41,-05:00,2025-10-24T04:40:41-05:00,0,71
index.js,2,js,ea3d1acb,Steven Ouyang,2025-10-24,04:40:41,-05:00,2025-10-24T04:40:41-05:00,0,54
index.js,3,js,ea3d1acb,Steven Ouyang,2025-10-24,04:40:41,-05:00,2025-10-24T04:40:41-05:00,0,42
index.js,4,js,ea3d1acb,Steven Ouyang,2025-10-24,04:40:41,-05:00,2025-10-24T04:40:41-05:00,0,0
index.js,5,js,ea3d1acb,Steven Ouyang,2025-10-24,04:40:41,-05:00,2025-10-24T04:40:41-05:00,0,60
index.js,6,js,cf13298b,Steven Ouyang,2025-10-24,10:42:45,-05:00,2025-10-24T10:42:45-05:00,0,54
index.js,7,js,ea3d1acb,Steven Ouyang,2025-10-24,04:40:41,-05:00,2025-10-24T04:40:41-05:00,0,0
index.js,8,js,ea3d1acb,Steven Ouyang,2025-10-24,04:40:41,-05:00,2025-10-24T04:40:41-05:00,0,59
index.js,9,js,ea3d1acb,Steven Ouyang,2025-10-24,04:40:41,-05:00,2025-10-24T04:40:41-05:00,0,60
index.js,10,js,ea3d1acb,Steven Ouyang,2025-10-24,04:40:41,-05:00,2025-10-24T04:40:41-05:00,0,0
index.js,11,js,ea3d1acb,Steven Ouyang,2025-10-24,04:40:41,-05:00,2025-10-24T04:40:41-05:00,0,17
index.js,12,js,ea3d1acb,Steven Ouyang,2025-10-24,04:40:41,-05:00,2025-10-24T04:40:41-05:00,1,24
index.js,13,js,ea3d1acb,Steven Ouyang,2025-10-24,04:40:41,-05:00,2025-10-24T04:40:41-05:00,4,22
index.js,14,js,ea3d1acb,Steven Ouyang,2025-10-24,04:40:41,-05:00,2025-10-24T04:40:41-05:00,4,2
index.js,15,js,ea3d1acb,Steven Ouyang,2025-10-24,04:40:41,-05:00,2025-10-24T04:40:41-05:00,4,49
index.js,16,js,ea3d1acb,Steven Ouyang,2025-10-24,04:40:41,-05:00,2025-10-24T04:40:41-05:00,5,49
index.js,17,js,ea3d1acb,Steven Ouyang,2025-10-24,04:40:41,-05:00,2025-10-24T04:40:41-05:00,5,55
index.js,18,js,ea3d1acb,Steven Ouyang,2025-10-24,04:40:41,-05:00,2025-10-24T04:40:41-05:00,5,55
index.js,19,js,ea3d1acb,Steven Ouyang,2025-10-24,04:40:41,-05:00,2025-10-24T04:40:41-05:00,4,3
index.js,20,js,ea3d1acb,Steven Ouyang,2025-10-24,04:40:41,-05:00,2025-10-24T04:40:41-05:00,2,0
index.js,21,js,ea3d1acb,Steven Ouyang,2025-10-24,04:40:41,-05:00,2025-10-24T04:40:41-05:00,0,0
index.html,1,html,a10f4135,Steven Ouyang,2025-09-27,13:04:17,-07:00,2025-09-27T13:04:17-07:00,0,13
index.html,2,html,a10f4135,Steven Ouyang,2025-09-27,13:04:17,-07:00,2025-09-27T13:04:17-07:00,0,14
index.html,3,html,a10f4135,Steven Ouyang,2025-09-27,13:04:17,-07:00,2025-09-27T13:04:17-07:00,0,4
index.html,4,html,a10f4135,Steven Ouyang,2025-09-27,13:04:17,-07:00,2025-09-27T13:04:17-07:00,2,20
index.html,5,html,a10f4135,Steven Ouyang,2025-09-27,13:04:17,-07:00,2025-09-27T13:04:17-07:00,2,68
index.html,6,html,a10f4135,Steven Ouyang,2025-09-27,13:04:17,-07:00,2025-09-27T13:04:17-07:00,2,55
index.html,7,html,a229973a,Steven Ouyang,2025-10-16,10:07:59,-07:00,2025-10-16T10:07:59-07:00,2,42
index.html,8,html,a229973a,Steven Ouyang,2025-10-16,10:07:59,-07:00,2025-10-16T10:07:59-07:00,2,49
index.html,9,html,ea3d1acb,Steven Ouyang,2025-10-24,04:40:41,-05:00,2025-10-24T04:40:41-05:00,2,50
index.html,10,html,a10f4135,Steven Ouyang,2025-09-27,13:04:17,-07:00,2025-09-27T13:04:17-07:00,0,5
index.html,11,html,a10f4135,Steven Ouyang,2025-09-27,13:04:17,-07:00,2025-09-27T13:04:17-07:00,0,4
index.html,12,html,e14d3ad8,Steven Ouyang,2025-09-28,15:29:17,-07:00,2025-09-28T15:29:17-07:00,2,0
index.html,13,html,a229973a,Steven Ouyang,2025-10-16,10:07:59,-07:00,2025-10-16T10:07:59-07:00,2,0
index.html,14,html,eb1048d6,Steven Ouyang,2025-09-28,16:40:04,-07:00,2025-09-28T16:40:04-07:00,0,0
index.html,15,html,eb1048d6,Steven Ouyang,2025-09-28,16:40:04,-07:00,2025-09-28T16:40:04-07:00,2,26
index.html,16,html,ea3d1acb,Steven Ouyang,2025-10-24,04:40:41,-05:00,2025-10-24T04:40:41-05:00,0,0
index.html,17,html,ea3d1acb,Steven Ouyang,2025-10-24,04:40:41,-05:00,2025-10-24T04:40:41-05:00,2,24
index.html,18,html,ea3d1acb,Steven Ouyang,2025-10-24,04:40:41,-05:00,2025-10-24T04:40:41-05:00,4,38
index.html,19,html,ea3d1acb,Steven Ouyang,2025-10-24,04:40:41,-05:00,2025-10-24T04:40:41-05:00,4,54
index.html,20,html,ea3d1acb,Steven Ouyang,2025-10-24,04:40:41,-05:00,2025-10-24T04:40:41-05:00,2,4
index.html,21,html,eb1048d6,Steven Ouyang,2025-09-28,16:40:04,-07:00,2025-09-28T16:40:04-07:00,1,0
index.html,22,html,eb1048d6,Steven Ouyang,2025-09-28,16:40:04,-07:00,2025-09-28T16:40:04-07:00,2,1
index.html,23,html,eb1048d6,Steven Ouyang,2025-09-28,16:40:04,-07:00,2025-09-28T16:40:04-07:00,4,117
index.html,24,html,eb1048d6,Steven Ouyang,2025-09-28,16:40:04,-07:00,2025-09-28T16:40:04-07:00,4,118
index.html,25,html,eb1048d6,Steven Ouyang,2025-09-28,16:40:04,-07:00,2025-09-28T16:40:04-07:00,4,3
index.html,26,html,a10f4135,Steven Ouyang,2025-09-27,13:04:17,-07:00,2025-09-27T13:04:17-07:00,2,2
index.html,27,html,e14d3ad8,Steven Ouyang,2025-09-28,15:29:17,-07:00,2025-09-28T15:29:17-07:00,2,29
index.html,28,html,363e1bf5,Steven Ouyang,2025-09-27,14:38:51,-07:00,2025-09-27T14:38:51-07:00,2,78
index.html,29,html,cf13298b,Steven Ouyang,2025-10-24,10:42:45,-05:00,2025-10-24T10:42:45-05:00,0,0
index.html,30,html,cf13298b,Steven Ouyang,2025-10-24,10:42:45,-05:00,2025-10-24T10:42:45-05:00,2,22
index.html,31,html,cf13298b,Steven Ouyang,2025-10-24,10:42:45,-05:00,2025-10-24T10:42:45-05:00,4,20
index.html,32,html,cf13298b,Steven Ouyang,2025-10-24,10:42:45,-05:00,2025-10-24T10:42:45-05:00,4,49
index.html,33,html,cf13298b,Steven Ouyang,2025-10-24,10:42:45,-05:00,2025-10-24T10:42:45-05:00,4,4
index.html,34,html,cf13298b,Steven Ouyang,2025-10-24,10:42:45,-05:00,2025-10-24T10:42:45-05:00,2,0
index.html,35,html,a10f4135,Steven Ouyang,2025-09-27,13:04:17,-07:00,2025-09-27T13:04:17-07:00,0,5
index.html,36,html,a229973a,Steven Ouyang,2025-10-16,10:07:59,-07:00,2025-10-16T10:07:59-07:00,0,0
index.html,37,html,a229973a,Steven Ouyang,2025-10-16,10:07:59,-07:00,2025-10-16T10:07:59-07:00,0,0
index.html,38,html,a229973a,Steven Ouyang,2025-10-16,10:07:59,-07:00,2025-10-16T10:07:59-07:00,0,0
index.html,39,html,a10f4135,Steven Ouyang,2025-09-27,13:04:17,-07:00,2025-09-27T13:04:17-07:00,0,5
global.js,1,js,a229973a,Steven Ouyang,2025-10-16,10:07:59,-07:00,2025-10-16T10:07:59-07:00,0,25
global.js,2,js,a229973a,Steven Ouyang,2025-10-16,10:07:59,-07:00,2025-10-16T10:07:59-07:00,0,0
global.js,3,js,a229973a,Steven Ouyang,2025-10-16,10:07:59,-07:00,2025-10-16T10:07:59-07:00,0,41
global.js,4,js,a229973a,Steven Ouyang,2025-10-16,10:07:59,-07:00,2025-10-16T10:07:59-07:00,1,52
global.js,5,js,a229973a,Steven Ouyang,2025-10-16,10:07:59,-07:00,2025-10-16T10:07:59-07:00,0,0
global.js,6,js,a229973a,Steven Ouyang,2025-10-16,10:07:59,-07:00,2025-10-16T10:07:59-07:00,0,0
global.js,7,js,a229973a,Steven Ouyang,2025-10-16,10:07:59,-07:00,2025-10-16T10:07:59-07:00,0,88
global.js,8,js,a229973a,Steven Ouyang,2025-10-16,10:07:59,-07:00,2025-10-16T10:07:59-07:00,1,36
global.js,9,js,a229973a,Steven Ouyang,2025-10-16,10:07:59,-07:00,2025-10-16T10:07:59-07:00,1,48
global.js,10,js,a229973a,Steven Ouyang,2025-10-16,10:07:59,-07:00,2025-10-16T10:07:59-07:00,0,0
global.js,11,js,a229973a,Steven Ouyang,2025-10-16,10:07:59,-07:00,2025-10-16T10:07:59-07:00,0,11
global.js,12,js,a229973a,Steven Ouyang,2025-10-16,10:07:59,-07:00,2025-10-16T10:07:59-07:00,2,34
global.js,13,js,a229973a,Steven Ouyang,2025-10-16,10:07:59,-07:00,2025-10-16T10:07:59-07:00,2,37
global.js,14,js,a229973a,Steven Ouyang,2025-10-16,10:07:59,-07:00,2025-10-16T10:07:59-07:00,2,35
global.js,15,js,a229973a,Steven Ouyang,2025-10-16,10:07:59,-07:00,2025-10-16T10:07:59-07:00,2,32
global.js,16,js,00000000,Not Committed Yet,2025-11-06,23:30:08,-08:00,2025-11-06T23:30:08-08:00,2,29
global.js,17,js,a229973a,Steven Ouyang,2025-10-16,10:07:59,-07:00,2025-10-16T10:07:59-07:00,2,59
global.js,18,js,a229973a,Steven Ouyang,2025-10-16,10:07:59,-07:00,2025-10-16T10:07:59-07:00,0,0
global.js,19,js,a229973a,Steven Ouyang,2025-10-16,10:07:59,-07:00,2025-10-16T10:07:59-07:00,0,0
global.js,20,js,a229973a,Steven Ouyang,2025-10-16,10:07:59,-07:00,2025-10-16T10:07:59-07:00,0,38
global.js,21,js,a229973a,Steven Ouyang,2025-10-16,10:07:59,-07:00,2025-10-16T10:07:59-07:00,0,25
global.js,22,js,a229973a,Steven Ouyang,2025-10-16,10:07:59,-07:00,2025-10-16T10:07:59-07:00,0,0
global.js,23,js,a229973a,Steven Ouyang,2025-10-16,10:07:59,-07:00,2025-10-16T10:07:59-07:00,0,0
global.js,24,js,a229973a,Steven Ouyang,2025-10-16,10:07:59,-07:00,2025-10-16T10:07:59-07:00,0,20
global.js,25,js,a229973a,Steven Ouyang,2025-10-16,10:07:59,-07:00,2025-10-16T10:07:59-07:00,2,14
global.js,26,js,a229973a,Steven Ouyang,2025-10-16,10:07:59,-07:00,2025-10-16T10:07:59-07:00,2,18
global.js,27,js,a229973a,Steven Ouyang,2025-10-16,10:07:59,-07:00,2025-10-16T10:07:59-07:00,2,52
global.js,28,js,a229973a,Steven Ouyang,2025-10-16,10:07:59,-07:00,2025-10-16T10:07:59-07:00,2,34
global.js,29,js,a229973a,Steven Ouyang,2025-10-16,10:07:59,-07:00,2025-10-16T10:07:59-07:00,2,11
global.js,30,js,a229973a,Steven Ouyang,2025-10-16,10:07:59,-07:00,2025-10-16T10:07:59-07:00,2,20
global.js,31,js,a229973a,Steven Ouyang,2025-10-16,10:07:59,-07:00,2025-10-16T10:07:59-07:00,0,0
global.js,32,js,a229973a,Steven Ouyang,2025-10-16,10:07:59,-07:00,2025-10-16T10:07:59-07:00,2,65
global.js,33,js,a229973a,Steven Ouyang,2025-10-16,10:07:59,-07:00,2025-10-16T10:07:59-07:00,3,17
global.js,34,js,a229973a,Steven Ouyang,2025-10-16,10:07:59,-07:00,2025-10-16T10:07:59-07:00,4,8
global.js,35,js,a229973a,Steven Ouyang,2025-10-16,10:07:59,-07:00,2025-10-16T10:07:59-07:00,4,59
global.js,36,js,a229973a,Steven Ouyang,2025-10-16,10:07:59,-07:00,2025-10-16T10:07:59-07:00,4,0
global.js,37,js,a229973a,Steven Ouyang,2025-10-16,10:07:59,-07:00,2025-10-16T10:07:59-07:00,2,0
global.js,38,js,a229973a,Steven Ouyang,2025-10-16,10:07:59,-07:00,2025-10-16T10:07:59-07:00,2,0
global.js,39,js,a229973a,Steven Ouyang,2025-10-16,10:07:59,-07:00,2025-10-16T10:07:59-07:00,2,65
global.js,40,js,a229973a,Steven Ouyang,2025-10-16,10:07:59,-07:00,2025-10-16T10:07:59-07:00,4,17
global.js,41,js,a229973a,Steven Ouyang,2025-10-16,10:07:59,-07:00,2025-10-16T10:07:59-07:00,2,0
global.js,42,js,a229973a,Steven Ouyang,2025-10-16,10:07:59,-07:00,2025-10-16T10:07:59-07:00,0,0
global.js,43,js,a229973a,Steven Ouyang,2025-10-16,10:07:59,-07:00,2025-10-16T10:07:59-07:00,2,12
global.js,44,js,a229973a,Steven Ouyang,2025-10-16,10:07:59,-07:00,2025-10-16T10:07:59-07:00,0,0
global.js,45,js,a229973a,Steven Ouyang,2025-10-16,10:07:59,-07:00,2025-10-16T10:07:59-07:00,0,0
global.js,46,js,a229973a,Steven Ouyang,2025-10-16,10:07:59,-07:00,2025-10-16T10:07:59-07:00,0,0
global.js,47,js,a229973a,Steven Ouyang,2025-10-16,10:07:59,-07:00,2025-10-16T10:07:59-07:00,0,31
global.js,48,js,a229973a,Steven Ouyang,2025-10-16,10:07:59,-07:00,2025-10-16T10:07:59-07:00,2,11
global.js,49,js,a229973a,Steven Ouyang,2025-10-16,10:07:59,-07:00,2025-10-16T10:07:59-07:00,2,0
global.js,50,js,a229973a,Steven Ouyang,2025-10-16,10:07:59,-07:00,2025-10-16T10:07:59-07:00,0,0
global.js,51,js,a229973a,Steven Ouyang,2025-10-16,10:07:59,-07:00,2025-10-16T10:07:59-07:00,6,28
global.js,52,js,a229973a,Steven Ouyang,2025-10-16,10:07:59,-07:00,2025-10-16T10:07:59-07:00,8,4
global.js,53,js,a229973a,Steven Ouyang,2025-10-16,10:07:59,-07:00,2025-10-16T10:07:59-07:00,8,6
global.js,54,js,a229973a,Steven Ouyang,2025-10-16,10:07:59,-07:00,2025-10-16T10:07:59-07:00,10,45
global.js,55,js,a229973a,Steven Ouyang,2025-10-16,10:07:59,-07:00,2025-10-16T10:07:59-07:00,10,36
global.js,56,js,a229973a,Steven Ouyang,2025-10-16,10:07:59,-07:00,2025-10-16T10:07:59-07:00,10,34
global.js,57,js,a229973a,Steven Ouyang,2025-10-16,10:07:59,-07:00,2025-10-16T10:07:59-07:00,8,7
global.js,58,js,a229973a,Steven Ouyang,2025-10-16,10:07:59,-07:00,2025-10-16T10:07:59-07:00,6,8
global.js,59,js,a229973a,Steven Ouyang,2025-10-16,10:07:59,-07:00,2025-10-16T10:07:59-07:00,0,0
global.js,60,js,a229973a,Steven Ouyang,2025-10-16,10:07:59,-07:00,2025-10-16T10:07:59-07:00,0,0
global.js,61,js,a229973a,Steven Ouyang,2025-10-16,10:07:59,-07:00,2025-10-16T10:07:59-07:00,0,0
global.js,62,js,a229973a,Steven Ouyang,2025-10-16,10:07:59,-07:00,2025-10-16T10:07:59-07:00,0,60
global.js,63,js,a229973a,Steven Ouyang,2025-10-16,10:07:59,-07:00,2025-10-16T10:07:59-07:00,0,0
global.js,64,js,a229973a,Steven Ouyang,2025-10-16,10:07:59,-07:00,2025-10-16T10:07:59-07:00,0,34
global.js,65,js,a229973a,Steven Ouyang,2025-10-16,10:07:59,-07:00,2025-10-16T10:07:59-07:00,4,83
global.js,66,js,a229973a,Steven Ouyang,2025-10-16,10:07:59,-07:00,2025-10-16T10:07:59-07:00,4,38
global.js,67,js,a229973a,Steven Ouyang,2025-10-16,10:07:59,-07:00,2025-10-16T10:07:59-07:00,2,0
global.js,68,js,a229973a,Steven Ouyang,2025-10-16,10:07:59,-07:00,2025-10-16T10:07:59-07:00,0,0
global.js,69,js,a229973a,Steven Ouyang,2025-10-16,10:07:59,-07:00,2025-10-16T10:07:59-07:00,0,49
global.js,70,js,a229973a,Steven Ouyang,2025-10-16,10:07:59,-07:00,2025-10-16T10:07:59-07:00,2,57
global.js,71,js,a229973a,Steven Ouyang,2025-10-16,10:07:59,-07:00,2025-10-16T10:07:59-07:00,2,77
global.js,72,js,a229973a,Steven Ouyang,2025-10-16,10:07:59,-07:00,2025-10-16T10:07:59-07:00,2,44
global.js,73,js,a229973a,Steven Ouyang,2025-10-16,10:07:59,-07:00,2025-10-16T10:07:59-07:00,0,1
global.js,74,js,a229973a,Steven Ouyang,2025-10-16,10:07:59,-07:00,2025-10-16T10:07:59-07:00,0,0
global.js,75,js,a229973a,Steven Ouyang,2025-10-16,10:07:59,-07:00,2025-10-16T10:07:59-07:00,0,42
global.js,76,js,a229973a,Steven Ouyang,2025-10-16,10:07:59,-07:00,2025-10-16T10:07:59-07:00,0,48
global.js,77,js,a229973a,Steven Ouyang,2025-10-16,10:07:59,-07:00,2025-10-16T10:07:59-07:00,2,0
global.js,78,js,a229973a,Steven Ouyang,2025-10-16,10:07:59,-07:00,2025-10-16T10:07:59-07:00,2,21
global.js,79,js,a229973a,Steven Ouyang,2025-10-16,10:07:59,-07:00,2025-10-16T10:07:59-07:00,2,30
global.js,80,js,a229973a,Steven Ouyang,2025-10-16,10:07:59,-07:00,2025-10-16T10:07:59-07:00,2,34
global.js,81,js,a229973a,Steven Ouyang,2025-10-16,10:07:59,-07:00,2025-10-16T10:07:59-07:00,0,0
global.js,82,js,a229973a,Steven Ouyang,2025-10-16,10:07:59,-07:00,2025-10-16T10:07:59-07:00,2,130
global.js,83,js,a229973a,Steven Ouyang,2025-10-16,10:07:59,-07:00,2025-10-16T10:07:59-07:00,0,0
global.js,84,js,a229973a,Steven Ouyang,2025-10-16,10:07:59,-07:00,2025-10-16T10:07:59-07:00,2,21
global.js,85,js,a229973a,Steven Ouyang,2025-10-16,10:07:59,-07:00,2025-10-16T10:07:59-07:00,0,1
global.js,86,js,ea3d1acb,Steven Ouyang,2025-10-24,04:40:41,-05:00,2025-10-24T04:40:41-05:00,0,0
global.js,87,js,ea3d1acb,Steven Ouyang,2025-10-24,04:40:41,-05:00,2025-10-24T04:40:41-05:00,0,0
global.js,88,js,ea3d1acb,Steven Ouyang,2025-10-24,04:40:41,-05:00,2025-10-24T04:40:41-05:00,0,36
global.js,89,js,ea3d1acb,Steven Ouyang,2025-10-24,04:40:41,-05:00,2025-10-24T04:40:41-05:00,1,3
global.js,90,js,ea3d1acb,Steven Ouyang,2025-10-24,04:40:41,-05:00,2025-10-24T04:40:41-05:00,2,39
global.js,91,js,ea3d1acb,Steven Ouyang,2025-10-24,04:40:41,-05:00,2025-10-24T04:40:41-05:00,2,32
global.js,92,js,ea3d1acb,Steven Ouyang,2025-10-24,04:40:41,-05:00,2025-10-24T04:40:41-05:00,2,17
global.js,93,js,ea3d1acb,Steven Ouyang,2025-10-24,04:40:41,-05:00,2025-10-24T04:40:41-05:00,4,66
global.js,94,js,ea3d1acb,Steven Ouyang,2025-10-24,04:40:41,-05:00,2025-10-24T04:40:41-05:00,2,0
global.js,95,js,ea3d1acb,Steven Ouyang,2025-10-24,04:40:41,-05:00,2025-10-24T04:40:41-05:00,2,33
global.js,96,js,ea3d1acb,Steven Ouyang,2025-10-24,04:40:41,-05:00,2025-10-24T04:40:41-05:00,2,10
global.js,97,js,ea3d1acb,Steven Ouyang,2025-10-24,04:40:41,-05:00,2025-10-24T04:40:41-05:00,2,0
global.js,98,js,ea3d1acb,Steven Ouyang,2025-10-24,04:40:41,-05:00,2025-10-24T04:40:41-05:00,1,15
global.js,99,js,ea3d1acb,Steven Ouyang,2025-10-24,04:40:41,-05:00,2025-10-24T04:40:41-05:00,2,59
global.js,100,js,ea3d1acb,Steven Ouyang,2025-10-24,04:40:41,-05:00,2025-10-24T04:40:41-05:00,1,0
global.js,101,js,ea3d1acb,Steven Ouyang,2025-10-24,04:40:41,-05:00,2025-10-24T04:40:41-05:00,0,0
global.js,102,js,ea3d1acb,Steven Ouyang,2025-10-24,04:40:41,-05:00,2025-10-24T04:40:41-05:00,0,0
global.js,103,js,ea3d1acb,Steven Ouyang,2025-10-24,04:40:41,-05:00,2025-10-24T04:40:41-05:00,0,79
global.js,104,js,ea3d1acb,Steven Ouyang,2025-10-24,04:40:41,-05:00,2025-10-24T04:40:41-05:00,2,30
global.js,105,js,ea3d1acb,Steven Ouyang,2025-10-24,04:40:41,-05:00,2025-10-24T04:40:41-05:00,2,0
global.js,106,js,ea3d1acb,Steven Ouyang,2025-10-24,04:40:41,-05:00,2025-10-24T04:40:41-05:00,2,26
global.js,107,js,ea3d1acb,Steven Ouyang,2025-10-24,04:40:41,-05:00,2025-10-24T04:40:41-05:00,4,48
global.js,108,js,ea3d1acb,Steven Ouyang,2025-10-24,04:40:41,-05:00,2025-10-24T04:40:41-05:00,4,0
global.js,109,js,ea3d1acb,Steven Ouyang,2025-10-24,04:40:41,-05:00,2025-10-24T04:40:41-05:00,4,51
global.js,110,js,ea3d1acb,Steven Ouyang,2025-10-24,04:40:41,-05:00,2025-10-24T04:40:41-05:00,4,29
global.js,111,js,ea3d1acb,Steven Ouyang,2025-10-24,04:40:41,-05:00,2025-10-24T04:40:41-05:00,0,0
global.js,112,js,ea3d1acb,Steven Ouyang,2025-10-24,04:40:41,-05:00,2025-10-24T04:40:41-05:00,4,40
global.js,113,js,ea3d1acb,Steven Ouyang,2025-10-24,04:40:41,-05:00,2025-10-24T04:40:41-05:00,4,23
global.js,114,js,ea3d1acb,Steven Ouyang,2025-10-24,04:40:41,-05:00,2025-10-24T04:40:41-05:00,4,23
global.js,115,js,ea3d1acb,Steven Ouyang,2025-10-24,04:40:41,-05:00,2025-10-24T04:40:41-05:00,0,0
global.js,116,js,ea3d1acb,Steven Ouyang,2025-10-24,04:40:41,-05:00,2025-10-24T04:40:41-05:00,4,36
global.js,117,js,ea3d1acb,Steven Ouyang,2025-10-24,04:40:41,-05:00,2025-10-24T04:40:41-05:00,4,35
global.js,118,js,ea3d1acb,Steven Ouyang,2025-10-24,04:40:41,-05:00,2025-10-24T04:40:41-05:00,0,0
global.js,119,js,418fcbe9,Steven Ouyang,2025-10-31,00:02:00,-07:00,2025-10-31T00:02:00-07:00,4,39
global.js,120,js,418fcbe9,Steven Ouyang,2025-10-31,00:02:00,-07:00,2025-10-31T00:02:00-07:00,4,33
global.js,121,js,418fcbe9,Steven Ouyang,2025-10-31,00:02:00,-07:00,2025-10-31T00:02:00-07:00,4,39
global.js,122,js,418fcbe9,Steven Ouyang,2025-10-31,00:02:00,-07:00,2025-10-31T00:02:00-07:00,0,0
global.js,123,js,418fcbe9,Steven Ouyang,2025-10-31,00:02:00,-07:00,2025-10-31T00:02:00-07:00,4,44
global.js,124,js,418fcbe9,Steven Ouyang,2025-10-31,00:02:00,-07:00,2025-10-31T00:02:00-07:00,4,36
global.js,125,js,418fcbe9,Steven Ouyang,2025-10-31,00:02:00,-07:00,2025-10-31T00:02:00-07:00,4,21
global.js,126,js,418fcbe9,Steven Ouyang,2025-10-31,00:02:00,-07:00,2025-10-31T00:02:00-07:00,4,24
global.js,127,js,418fcbe9,Steven Ouyang,2025-10-31,00:02:00,-07:00,2025-10-31T00:02:00-07:00,0,0
global.js,128,js,ea3d1acb,Steven Ouyang,2025-10-24,04:40:41,-05:00,2025-10-24T04:40:41-05:00,4,27
global.js,129,js,ea3d1acb,Steven Ouyang,2025-10-24,04:40:41,-05:00,2025-10-24T04:40:41-05:00,4,23
global.js,130,js,418fcbe9,Steven Ouyang,2025-10-31,00:02:00,-07:00,2025-10-31T00:02:00-07:00,4,27
global.js,131,js,ea3d1acb,Steven Ouyang,2025-10-24,04:40:41,-05:00,2025-10-24T04:40:41-05:00,0,0
global.js,132,js,ea3d1acb,Steven Ouyang,2025-10-24,04:40:41,-05:00,2025-10-24T04:40:41-05:00,4,36
global.js,133,js,ea3d1acb,Steven Ouyang,2025-10-24,04:40:41,-05:00,2025-10-24T04:40:41-05:00,2,0
global.js,134,js,ea3d1acb,Steven Ouyang,2025-10-24,04:40:41,-05:00,2025-10-24T04:40:41-05:00,0,0
global.js,135,js,ea3d1acb,Steven Ouyang,2025-10-24,04:40:41,-05:00,2025-10-24T04:40:41-05:00,0,0
global.js,136,js,ea3d1acb,Steven Ouyang,2025-10-24,04:40:41,-05:00,2025-10-24T04:40:41-05:00,0,47
global.js,137,js,ea3d1acb,Steven Ouyang,2025-10-24,04:40:41,-05:00,2025-10-24T04:40:41-05:00,1,59
global.js,138,js,ea3d1acb,Steven Ouyang,2025-10-24,04:40:41,-05:00,2025-10-24T04:40:41-05:00,0,0
global.js,139,js,ea3d1acb,Steven Ouyang,2025-10-24,04:40:41,-05:00,2025-10-24T04:40:41-05:00,0,0
resume/index.html,1,html,e14d3ad8,Steven Ouyang,2025-09-28,15:29:17,-07:00,2025-09-28T15:29:17-07:00,0,13
resume/index.html,2,html,e14d3ad8,Steven Ouyang,2025-09-28,15:29:17,-07:00,2025-09-28T15:29:17-07:00,0,14
resume/index.html,3,html,e14d3ad8,Steven Ouyang,2025-09-28,15:29:17,-07:00,2025-09-28T15:29:17-07:00,0,4
resume/index.html,4,html,e14d3ad8,Steven Ouyang,2025-09-28,15:29:17,-07:00,2025-09-28T15:29:17-07:00,2,20
resume/index.html,5,html,e14d3ad8,Steven Ouyang,2025-09-28,15:29:17,-07:00,2025-09-28T15:29:17-07:00,2,68
resume/index.html,6,html,e14d3ad8,Steven Ouyang,2025-09-28,15:29:17,-07:00,2025-09-28T15:29:17-07:00,2,19
resume/index.html,7,html,e3e5bbb1,Steven Ouyang,2025-10-08,22:46:17,-07:00,2025-10-08T22:46:17-07:00,2,41
resume/index.html,8,html,a229973a,Steven Ouyang,2025-10-16,10:07:59,-07:00,2025-10-16T10:07:59-07:00,2,52
resume/index.html,9,html,e14d3ad8,Steven Ouyang,2025-09-28,15:29:17,-07:00,2025-09-28T15:29:17-07:00,0,5
resume/index.html,10,html,e14d3ad8,Steven Ouyang,2025-09-28,15:29:17,-07:00,2025-09-28T15:29:17-07:00,0,4
resume/index.html,11,html,e14d3ad8,Steven Ouyang,2025-09-28,15:29:17,-07:00,2025-09-28T15:29:17-07:00,2,0
resume/index.html,12,html,a229973a,Steven Ouyang,2025-10-16,10:07:59,-07:00,2025-10-16T10:07:59-07:00,0,0
resume/index.html,13,html,eb1048d6,Steven Ouyang,2025-09-28,16:40:04,-07:00,2025-09-28T16:40:04-07:00,2,0
resume/index.html,14,html,eb1048d6,Steven Ouyang,2025-09-28,16:40:04,-07:00,2025-09-28T16:40:04-07:00,2,13
resume/index.html,15,html,eb1048d6,Steven Ouyang,2025-09-28,16:40:04,-07:00,2025-09-28T16:40:04-07:00,2,0
resume/index.html,16,html,eb1048d6,Steven Ouyang,2025-09-28,16:40:04,-07:00,2025-09-28T16:40:04-07:00,2,0
resume/index.html,17,html,e14d3ad8,Steven Ouyang,2025-09-28,15:29:17,-07:00,2025-09-28T15:29:17-07:00,0,0
resume/index.html,18,html,e3e5bbb1,Steven Ouyang,2025-10-08,22:46:17,-07:00,2025-10-08T22:46:17-07:00,2,6
resume/index.html,19,html,e3e5bbb1,Steven Ouyang,2025-10-08,22:46:17,-07:00,2025-10-08T22:46:17-07:00,4,72
resume/index.html,20,html,e3e5bbb1,Steven Ouyang,2025-10-08,22:46:17,-07:00,2025-10-08T22:46:17-07:00,2,7
resume/index.html,21,html,e14d3ad8,Steven Ouyang,2025-09-28,15:29:17,-07:00,2025-09-28T15:29:17-07:00,2,0
resume/index.html,22,html,e3e5bbb1,Steven Ouyang,2025-10-08,22:46:17,-07:00,2025-10-08T22:46:17-07:00,2,4
resume/index.html,23,html,e3e5bbb1,Steven Ouyang,2025-10-08,22:46:17,-07:00,2025-10-08T22:46:17-07:00,4,7
resume/index.html,24,html,e14d3ad8,Steven Ouyang,2025-09-28,15:29:17,-07:00,2025-09-28T15:29:17-07:00,6,0
resume/index.html,25,html,e3e5bbb1,Steven Ouyang,2025-10-08,22:46:17,-07:00,2025-10-08T22:46:17-07:00,6,37
resume/index.html,26,html,e3e5bbb1,Steven Ouyang,2025-10-08,22:46:17,-07:00,2025-10-08T22:46:17-07:00,6,27
resume/index.html,27,html,e3e5bbb1,Steven Ouyang,2025-10-08,22:46:17,-07:00,2025-10-08T22:46:17-07:00,8,24
resume/index.html,28,html,e3e5bbb1,Steven Ouyang,2025-10-08,22:46:17,-07:00,2025-10-08T22:46:17-07:00,10,63
resume/index.html,29,html,e3e5bbb1,Steven Ouyang,2025-10-08,22:46:17,-07:00,2025-10-08T22:46:17-07:00,10,84
resume/index.html,30,html,e3e5bbb1,Steven Ouyang,2025-10-08,22:46:17,-07:00,2025-10-08T22:46:17-07:00,8,4
resume/index.html,31,html,e3e5bbb1,Steven Ouyang,2025-10-08,22:46:17,-07:00,2025-10-08T22:46:17-07:00,0,0
resume/index.html,32,html,e3e5bbb1,Steven Ouyang,2025-10-08,22:46:17,-07:00,2025-10-08T22:46:17-07:00,8,92
resume/index.html,33,html,e3e5bbb1,Steven Ouyang,2025-10-08,22:46:17,-07:00,2025-10-08T22:46:17-07:00,8,2
resume/index.html,34,html,e3e5bbb1,Steven Ouyang,2025-10-08,22:46:17,-07:00,2025-10-08T22:46:17-07:00,10,64
resume/index.html,35,html,e3e5bbb1,Steven Ouyang,2025-10-08,22:46:17,-07:00,2025-10-08T22:46:17-07:00,10,194
resume/index.html,36,html,e3e5bbb1,Steven Ouyang,2025-10-08,22:46:17,-07:00,2025-10-08T22:46:17-07:00,8,3
resume/index.html,37,html,e3e5bbb1,Steven Ouyang,2025-10-08,22:46:17,-07:00,2025-10-08T22:46:17-07:00,8,0
resume/index.html,38,html,e3e5bbb1,Steven Ouyang,2025-10-08,22:46:17,-07:00,2025-10-08T22:46:17-07:00,6,8
resume/index.html,39,html,e3e5bbb1,Steven Ouyang,2025-10-08,22:46:17,-07:00,2025-10-08T22:46:17-07:00,0,0
resume/index.html,40,html,e3e5bbb1,Steven Ouyang,2025-10-08,22:46:17,-07:00,2025-10-08T22:46:17-07:00,6,27
resume/index.html,41,html,e3e5bbb1,Steven Ouyang,2025-10-08,22:46:17,-07:00,2025-10-08T22:46:17-07:00,8,24
resume/index.html,42,html,e3e5bbb1,Steven Ouyang,2025-10-08,22:46:17,-07:00,2025-10-08T22:46:17-07:00,10,58
resume/index.html,43,html,e3e5bbb1,Steven Ouyang,2025-10-08,22:46:17,-07:00,2025-10-08T22:46:17-07:00,10,24
resume/index.html,44,html,e3e5bbb1,Steven Ouyang,2025-10-08,22:46:17,-07:00,2025-10-08T22:46:17-07:00,12,41
resume/index.html,45,html,e3e5bbb1,Steven Ouyang,2025-10-08,22:46:17,-07:00,2025-10-08T22:46:17-07:00,12,46
resume/index.html,46,html,e3e5bbb1,Steven Ouyang,2025-10-08,22:46:17,-07:00,2025-10-08T22:46:17-07:00,10,5
resume/index.html,47,html,e3e5bbb1,Steven Ouyang,2025-10-08,22:46:17,-07:00,2025-10-08T22:46:17-07:00,8,4
resume/index.html,48,html,e3e5bbb1,Steven Ouyang,2025-10-08,22:46:17,-07:00,2025-10-08T22:46:17-07:00,8,46
resume/index.html,49,html,e3e5bbb1,Steven Ouyang,2025-10-08,22:46:17,-07:00,2025-10-08T22:46:17-07:00,8,2
resume/index.html,50,html,e3e5bbb1,Steven Ouyang,2025-10-08,22:46:17,-07:00,2025-10-08T22:46:17-07:00,10,133
resume/index.html,51,html,e3e5bbb1,Steven Ouyang,2025-10-08,22:46:17,-07:00,2025-10-08T22:46:17-07:00,8,3
resume/index.html,52,html,e3e5bbb1,Steven Ouyang,2025-10-08,22:46:17,-07:00,2025-10-08T22:46:17-07:00,6,8
resume/index.html,53,html,e3e5bbb1,Steven Ouyang,2025-10-08,22:46:17,-07:00,2025-10-08T22:46:17-07:00,0,0
resume/index.html,54,html,e3e5bbb1,Steven Ouyang,2025-10-08,22:46:17,-07:00,2025-10-08T22:46:17-07:00,4,8
resume/index.html,55,html,eb1048d6,Steven Ouyang,2025-09-28,16:40:04,-07:00,2025-09-28T16:40:04-07:00,0,0
resume/index.html,56,html,eb1048d6,Steven Ouyang,2025-09-28,16:40:04,-07:00,2025-09-28T16:40:04-07:00,4,0
resume/index.html,57,html,e3e5bbb1,Steven Ouyang,2025-10-08,22:46:17,-07:00,2025-10-08T22:46:17-07:00,4,7
resume/index.html,58,html,e3e5bbb1,Steven Ouyang,2025-10-08,22:46:17,-07:00,2025-10-08T22:46:17-07:00,6,44
resume/index.html,59,html,e3e5bbb1,Steven Ouyang,2025-10-08,22:46:17,-07:00,2025-10-08T22:46:17-07:00,6,31
resume/index.html,60,html,e3e5bbb1,Steven Ouyang,2025-10-08,22:46:17,-07:00,2025-10-08T22:46:17-07:00,0,0
resume/index.html,61,html,e3e5bbb1,Steven Ouyang,2025-10-08,22:46:17,-07:00,2025-10-08T22:46:17-07:00,8,2
resume/index.html,62,html,e3e5bbb1,Steven Ouyang,2025-10-08,22:46:17,-07:00,2025-10-08T22:46:17-07:00,10,116
resume/index.html,63,html,e3e5bbb1,Steven Ouyang,2025-10-08,22:46:17,-07:00,2025-10-08T22:46:17-07:00,10,128
resume/index.html,64,html,e3e5bbb1,Steven Ouyang,2025-10-08,22:46:17,-07:00,2025-10-08T22:46:17-07:00,8,3
resume/index.html,65,html,e3e5bbb1,Steven Ouyang,2025-10-08,22:46:17,-07:00,2025-10-08T22:46:17-07:00,8,0
resume/index.html,66,html,e3e5bbb1,Steven Ouyang,2025-10-08,22:46:17,-07:00,2025-10-08T22:46:17-07:00,6,8
resume/index.html,67,html,e3e5bbb1,Steven Ouyang,2025-10-08,22:46:17,-07:00,2025-10-08T22:46:17-07:00,4,8
resume/index.html,68,html,e3e5bbb1,Steven Ouyang,2025-10-08,22:46:17,-07:00,2025-10-08T22:46:17-07:00,0,0
resume/index.html,69,html,e3e5bbb1,Steven Ouyang,2025-10-08,22:46:17,-07:00,2025-10-08T22:46:17-07:00,0,0
resume/index.html,70,html,e3e5bbb1,Steven Ouyang,2025-10-08,22:46:17,-07:00,2025-10-08T22:46:17-07:00,4,7
resume/index.html,71,html,e3e5bbb1,Steven Ouyang,2025-10-08,22:46:17,-07:00,2025-10-08T22:46:17-07:00,0,0
resume/index.html,72,html,e3e5bbb1,Steven Ouyang,2025-10-08,22:46:17,-07:00,2025-10-08T22:46:17-07:00,6,49
resume/index.html,73,html,e3e5bbb1,Steven Ouyang,2025-10-08,22:46:17,-07:00,2025-10-08T22:46:17-07:00,6,31
resume/index.html,74,html,e3e5bbb1,Steven Ouyang,2025-10-08,22:46:17,-07:00,2025-10-08T22:46:17-07:00,8,25
resume/index.html,75,html,e3e5bbb1,Steven Ouyang,2025-10-08,22:46:17,-07:00,2025-10-08T22:46:17-07:00,10,82
resume/index.html,76,html,e3e5bbb1,Steven Ouyang,2025-10-08,22:46:17,-07:00,2025-10-08T22:46:17-07:00,10,65
resume/index.html,77,html,e3e5bbb1,Steven Ouyang,2025-10-08,22:46:17,-07:00,2025-10-08T22:46:17-07:00,12,42
resume/index.html,78,html,e3e5bbb1,Steven Ouyang,2025-10-08,22:46:17,-07:00,2025-10-08T22:46:17-07:00,10,5
resume/index.html,79,html,e3e5bbb1,Steven Ouyang,2025-10-08,22:46:17,-07:00,2025-10-08T22:46:17-07:00,8,4
resume/index.html,80,html,e3e5bbb1,Steven Ouyang,2025-10-08,22:46:17,-07:00,2025-10-08T22:46:17-07:00,8,0
resume/index.html,81,html,e3e5bbb1,Steven Ouyang,2025-10-08,22:46:17,-07:00,2025-10-08T22:46:17-07:00,0,0
resume/index.html,82,html,e3e5bbb1,Steven Ouyang,2025-10-08,22:46:17,-07:00,2025-10-08T22:46:17-07:00,8,2
resume/index.html,83,html,e3e5bbb1,Steven Ouyang,2025-10-08,22:46:17,-07:00,2025-10-08T22:46:17-07:00,10,135
resume/index.html,84,html,e3e5bbb1,Steven Ouyang,2025-10-08,22:46:17,-07:00,2025-10-08T22:46:17-07:00,10,115
resume/index.html,85,html,e3e5bbb1,Steven Ouyang,2025-10-08,22:46:17,-07:00,2025-10-08T22:46:17-07:00,10,147
resume/index.html,86,html,e3e5bbb1,Steven Ouyang,2025-10-08,22:46:17,-07:00,2025-10-08T22:46:17-07:00,10,155
resume/index.html,87,html,e3e5bbb1,Steven Ouyang,2025-10-08,22:46:17,-07:00,2025-10-08T22:46:17-07:00,10,43
resume/index.html,88,html,e3e5bbb1,Steven Ouyang,2025-10-08,22:46:17,-07:00,2025-10-08T22:46:17-07:00,0,0
resume/index.html,89,html,e3e5bbb1,Steven Ouyang,2025-10-08,22:46:17,-07:00,2025-10-08T22:46:17-07:00,8,3
resume/index.html,90,html,e3e5bbb1,Steven Ouyang,2025-10-08,22:46:17,-07:00,2025-10-08T22:46:17-07:00,0,0
resume/index.html,91,html,e3e5bbb1,Steven Ouyang,2025-10-08,22:46:17,-07:00,2025-10-08T22:46:17-07:00,6,8
resume/index.html,92,html,e3e5bbb1,Steven Ouyang,2025-10-08,22:46:17,-07:00,2025-10-08T22:46:17-07:00,0,0
resume/index.html,93,html,e3e5bbb1,Steven Ouyang,2025-10-08,22:46:17,-07:00,2025-10-08T22:46:17-07:00,0,0
resume/index.html,94,html,e3e5bbb1,Steven Ouyang,2025-10-08,22:46:17,-07:00,2025-10-08T22:46:17-07:00,6,30
resume/index.html,95,html,e3e5bbb1,Steven Ouyang,2025-10-08,22:46:17,-07:00,2025-10-08T22:46:17-07:00,8,25
resume/index.html,96,html,e3e5bbb1,Steven Ouyang,2025-10-08,22:46:17,-07:00,2025-10-08T22:46:17-07:00,10,91
resume/index.html,97,html,e3e5bbb1,Steven Ouyang,2025-10-08,22:46:17,-07:00,2025-10-08T22:46:17-07:00,10,68
resume/index.html,98,html,e3e5bbb1,Steven Ouyang,2025-10-08,22:46:17,-07:00,2025-10-08T22:46:17-07:00,12,50
resume/index.html,99,html,e3e5bbb1,Steven Ouyang,2025-10-08,22:46:17,-07:00,2025-10-08T22:46:17-07:00,8,4
resume/index.html,100,html,e3e5bbb1,Steven Ouyang,2025-10-08,22:46:17,-07:00,2025-10-08T22:46:17-07:00,0,0
resume/index.html,101,html,e3e5bbb1,Steven Ouyang,2025-10-08,22:46:17,-07:00,2025-10-08T22:46:17-07:00,8,2
resume/index.html,102,html,e3e5bbb1,Steven Ouyang,2025-10-08,22:46:17,-07:00,2025-10-08T22:46:17-07:00,10,104
resume/index.html,103,html,e3e5bbb1,Steven Ouyang,2025-10-08,22:46:17,-07:00,2025-10-08T22:46:17-07:00,10,111
resume/index.html,104,html,e3e5bbb1,Steven Ouyang,2025-10-08,22:46:17,-07:00,2025-10-08T22:46:17-07:00,10,118
resume/index.html,105,html,e3e5bbb1,Steven Ouyang,2025-10-08,22:46:17,-07:00,2025-10-08T22:46:17-07:00,10,113
resume/index.html,106,html,e3e5bbb1,Steven Ouyang,2025-10-08,22:46:17,-07:00,2025-10-08T22:46:17-07:00,10,58
resume/index.html,107,html,e3e5bbb1,Steven Ouyang,2025-10-08,22:46:17,-07:00,2025-10-08T22:46:17-07:00,10,117
resume/index.html,108,html,e3e5bbb1,Steven Ouyang,2025-10-08,22:46:17,-07:00,2025-10-08T22:46:17-07:00,10,74
resume/index.html,109,html,e3e5bbb1,Steven Ouyang,2025-10-08,22:46:17,-07:00,2025-10-08T22:46:17-07:00,0,0
resume/index.html,110,html,e3e5bbb1,Steven Ouyang,2025-10-08,22:46:17,-07:00,2025-10-08T22:46:17-07:00,0,0
resume/index.html,111,html,e3e5bbb1,Steven Ouyang,2025-10-08,22:46:17,-07:00,2025-10-08T22:46:17-07:00,8,3
resume/index.html,112,html,e3e5bbb1,Steven Ouyang,2025-10-08,22:46:17,-07:00,2025-10-08T22:46:17-07:00,0,0
resume/index.html,113,html,e3e5bbb1,Steven Ouyang,2025-10-08,22:46:17,-07:00,2025-10-08T22:46:17-07:00,6,8
resume/index.html,114,html,e3e5bbb1,Steven Ouyang,2025-10-08,22:46:17,-07:00,2025-10-08T22:46:17-07:00,0,0
resume/index.html,115,html,e3e5bbb1,Steven Ouyang,2025-10-08,22:46:17,-07:00,2025-10-08T22:46:17-07:00,0,0
resume/index.html,116,html,e3e5bbb1,Steven Ouyang,2025-10-08,22:46:17,-07:00,2025-10-08T22:46:17-07:00,6,30
resume/index.html,117,html,e3e5bbb1,Steven Ouyang,2025-10-08,22:46:17,-07:00,2025-10-08T22:46:17-07:00,0,0
resume/index.html,118,html,e3e5bbb1,Steven Ouyang,2025-10-08,22:46:17,-07:00,2025-10-08T22:46:17-07:00,8,25
resume/index.html,119,html,e3e5bbb1,Steven Ouyang,2025-10-08,22:46:17,-07:00,2025-10-08T22:46:17-07:00,10,99
resume/index.html,120,html,e3e5bbb1,Steven Ouyang,2025-10-08,22:46:17,-07:00,2025-10-08T22:46:17-07:00,10,68
resume/index.html,121,html,e3e5bbb1,Steven Ouyang,2025-10-08,22:46:17,-07:00,2025-10-08T22:46:17-07:00,12,50
resume/index.html,122,html,e3e5bbb1,Steven Ouyang,2025-10-08,22:46:17,-07:00,2025-10-08T22:46:17-07:00,8,4
resume/index.html,123,html,e3e5bbb1,Steven Ouyang,2025-10-08,22:46:17,-07:00,2025-10-08T22:46:17-07:00,0,0
resume/index.html,124,html,e3e5bbb1,Steven Ouyang,2025-10-08,22:46:17,-07:00,2025-10-08T22:46:17-07:00,8,2
resume/index.html,125,html,e3e5bbb1,Steven Ouyang,2025-10-08,22:46:17,-07:00,2025-10-08T22:46:17-07:00,10,123
resume/index.html,126,html,e3e5bbb1,Steven Ouyang,2025-10-08,22:46:17,-07:00,2025-10-08T22:46:17-07:00,10,103
resume/index.html,127,html,e3e5bbb1,Steven Ouyang,2025-10-08,22:46:17,-07:00,2025-10-08T22:46:17-07:00,10,129
resume/index.html,128,html,e3e5bbb1,Steven Ouyang,2025-10-08,22:46:17,-07:00,2025-10-08T22:46:17-07:00,10,65
resume/index.html,129,html,e3e5bbb1,Steven Ouyang,2025-10-08,22:46:17,-07:00,2025-10-08T22:46:17-07:00,10,109
resume/index.html,130,html,e3e5bbb1,Steven Ouyang,2025-10-08,22:46:17,-07:00,2025-10-08T22:46:17-07:00,10,91
resume/index.html,131,html,e3e5bbb1,Steven Ouyang,2025-10-08,22:46:17,-07:00,2025-10-08T22:46:17-07:00,0,0
resume/index.html,132,html,e3e5bbb1,Steven Ouyang,2025-10-08,22:46:17,-07:00,2025-10-08T22:46:17-07:00,8,3
resume/index.html,133,html,eb1048d6,Steven Ouyang,2025-09-28,16:40:04,-07:00,2025-09-28T16:40:04-07:00,4,0
resume/index.html,134,html,e3e5bbb1,Steven Ouyang,2025-10-08,22:46:17,-07:00,2025-10-08T22:46:17-07:00,6,8
resume/index.html,135,html,eb1048d6,Steven Ouyang,2025-09-28,16:40:04,-07:00,2025-09-28T16:40:04-07:00,0,0
resume/index.html,136,html,e3e5bbb1,Steven Ouyang,2025-10-08,22:46:17,-07:00,2025-10-08T22:46:17-07:00,4,8
resume/index.html,137,html,e14d3ad8,Steven Ouyang,2025-09-28,15:29:17,-07:00,2025-09-28T15:29:17-07:00,0,0
resume/index.html,138,html,e14d3ad8,Steven Ouyang,2025-09-28,15:29:17,-07:00,2025-09-28T15:29:17-07:00,0,0
resume/index.html,139,html,e3e5bbb1,Steven Ouyang,2025-10-08,22:46:17,-07:00,2025-10-08T22:46:17-07:00,4,7
resume/index.html,140,html,e3e5bbb1,Steven Ouyang,2025-10-08,22:46:17,-07:00,2025-10-08T22:46:17-07:00,6,0
resume/index.html,141,html,e3e5bbb1,Steven Ouyang,2025-10-08,22:46:17,-07:00,2025-10-08T22:46:17-07:00,6,38
resume/index.html,142,html,e3e5bbb1,Steven Ouyang,2025-10-08,22:46:17,-07:00,2025-10-08T22:46:17-07:00,6,0
resume/index.html,143,html,eb1048d6,Steven Ouyang,2025-09-28,16:40:04,-07:00,2025-09-28T16:40:04-07:00,0,0
resume/index.html,144,html,e3e5bbb1,Steven Ouyang,2025-10-08,22:46:17,-07:00,2025-10-08T22:46:17-07:00,6,25
resume/index.html,145,html,e3e5bbb1,Steven Ouyang,2025-10-08,22:46:17,-07:00,2025-10-08T22:46:17-07:00,0,0
resume/index.html,146,html,e3e5bbb1,Steven Ouyang,2025-10-08,22:46:17,-07:00,2025-10-08T22:46:17-07:00,8,24
resume/index.html,147,html,e3e5bbb1,Steven Ouyang,2025-10-08,22:46:17,-07:00,2025-10-08T22:46:17-07:00,10,20
resume/index.html,148,html,e3e5bbb1,Steven Ouyang,2025-10-08,22:46:17,-07:00,2025-10-08T22:46:17-07:00,12,52
resume/index.html,149,html,e3e5bbb1,Steven Ouyang,2025-10-08,22:46:17,-07:00,2025-10-08T22:46:17-07:00,12,84
resume/index.html,150,html,e3e5bbb1,Steven Ouyang,2025-10-08,22:46:17,-07:00,2025-10-08T22:46:17-07:00,10,4
resume/index.html,151,html,e3e5bbb1,Steven Ouyang,2025-10-08,22:46:17,-07:00,2025-10-08T22:46:17-07:00,10,21
resume/index.html,152,html,e3e5bbb1,Steven Ouyang,2025-10-08,22:46:17,-07:00,2025-10-08T22:46:17-07:00,12,40
resume/index.html,153,html,e3e5bbb1,Steven Ouyang,2025-10-08,22:46:17,-07:00,2025-10-08T22:46:17-07:00,12,81
resume/index.html,154,html,e3e5bbb1,Steven Ouyang,2025-10-08,22:46:17,-07:00,2025-10-08T22:46:17-07:00,10,4
resume/index.html,155,html,e3e5bbb1,Steven Ouyang,2025-10-08,22:46:17,-07:00,2025-10-08T22:46:17-07:00,8,4
resume/index.html,156,html,e3e5bbb1,Steven Ouyang,2025-10-08,22:46:17,-07:00,2025-10-08T22:46:17-07:00,0,0
resume/index.html,157,html,e3e5bbb1,Steven Ouyang,2025-10-08,22:46:17,-07:00,2025-10-08T22:46:17-07:00,8,2
resume/index.html,158,html,e3e5bbb1,Steven Ouyang,2025-10-08,22:46:17,-07:00,2025-10-08T22:46:17-07:00,10,136
resume/index.html,159,html,e3e5bbb1,Steven Ouyang,2025-10-08,22:46:17,-07:00,2025-10-08T22:46:17-07:00,10,51
resume/index.html,160,html,e3e5bbb1,Steven Ouyang,2025-10-08,22:46:17,-07:00,2025-10-08T22:46:17-07:00,10,113
resume/index.html,161,html,e3e5bbb1,Steven Ouyang,2025-10-08,22:46:17,-07:00,2025-10-08T22:46:17-07:00,10,87
resume/index.html,162,html,e3e5bbb1,Steven Ouyang,2025-10-08,22:46:17,-07:00,2025-10-08T22:46:17-07:00,10,58
resume/index.html,163,html,e3e5bbb1,Steven Ouyang,2025-10-08,22:46:17,-07:00,2025-10-08T22:46:17-07:00,10,115
resume/index.html,164,html,e3e5bbb1,Steven Ouyang,2025-10-08,22:46:17,-07:00,2025-10-08T22:46:17-07:00,10,166
resume/index.html,165,html,e3e5bbb1,Steven Ouyang,2025-10-08,22:46:17,-07:00,2025-10-08T22:46:17-07:00,6,0
resume/index.html,166,html,e3e5bbb1,Steven Ouyang,2025-10-08,22:46:17,-07:00,2025-10-08T22:46:17-07:00,6,8
resume/index.html,167,html,e3e5bbb1,Steven Ouyang,2025-10-08,22:46:17,-07:00,2025-10-08T22:46:17-07:00,0,0
resume/index.html,168,html,e3e5bbb1,Steven Ouyang,2025-10-08,22:46:17,-07:00,2025-10-08T22:46:17-07:00,6,25
resume/index.html,169,html,e3e5bbb1,Steven Ouyang,2025-10-08,22:46:17,-07:00,2025-10-08T22:46:17-07:00,8,24
resume/index.html,170,html,e3e5bbb1,Steven Ouyang,2025-10-08,22:46:17,-07:00,2025-10-08T22:46:17-07:00,10,22
resume/index.html,171,html,e3e5bbb1,Steven Ouyang,2025-10-08,22:46:17,-07:00,2025-10-08T22:46:17-07:00,12,46
resume/index.html,172,html,e3e5bbb1,Steven Ouyang,2025-10-08,22:46:17,-07:00,2025-10-08T22:46:17-07:00,12,37
resume/index.html,173,html,e3e5bbb1,Steven Ouyang,2025-10-08,22:46:17,-07:00,2025-10-08T22:46:17-07:00,10,4
resume/index.html,174,html,e3e5bbb1,Steven Ouyang,2025-10-08,22:46:17,-07:00,2025-10-08T22:46:17-07:00,0,0
resume/index.html,175,html,e3e5bbb1,Steven Ouyang,2025-10-08,22:46:17,-07:00,2025-10-08T22:46:17-07:00,10,23
resume/index.html,176,html,e3e5bbb1,Steven Ouyang,2025-10-08,22:46:17,-07:00,2025-10-08T22:46:17-07:00,12,45
resume/index.html,177,html,e3e5bbb1,Steven Ouyang,2025-10-08,22:46:17,-07:00,2025-10-08T22:46:17-07:00,12,61
resume/index.html,178,html,e3e5bbb1,Steven Ouyang,2025-10-08,22:46:17,-07:00,2025-10-08T22:46:17-07:00,14,43
resume/index.html,179,html,e3e5bbb1,Steven Ouyang,2025-10-08,22:46:17,-07:00,2025-10-08T22:46:17-07:00,12,5
resume/index.html,180,html,e3e5bbb1,Steven Ouyang,2025-10-08,22:46:17,-07:00,2025-10-08T22:46:17-07:00,10,4
resume/index.html,181,html,e3e5bbb1,Steven Ouyang,2025-10-08,22:46:17,-07:00,2025-10-08T22:46:17-07:00,8,4
resume/index.html,182,html,e3e5bbb1,Steven Ouyang,2025-10-08,22:46:17,-07:00,2025-10-08T22:46:17-07:00,0,0
resume/index.html,183,html,e3e5bbb1,Steven Ouyang,2025-10-08,22:46:17,-07:00,2025-10-08T22:46:17-07:00,8,2
resume/index.html,184,html,e3e5bbb1,Steven Ouyang,2025-10-08,22:46:17,-07:00,2025-10-08T22:46:17-07:00,10,129
resume/index.html,185,html,e3e5bbb1,Steven Ouyang,2025-10-08,22:46:17,-07:00,2025-10-08T22:46:17-07:00,10,188
resume/index.html,186,html,e3e5bbb1,Steven Ouyang,2025-10-08,22:46:17,-07:00,2025-10-08T22:46:17-07:00,10,175
resume/index.html,187,html,e3e5bbb1,Steven Ouyang,2025-10-08,22:46:17,-07:00,2025-10-08T22:46:17-07:00,8,3
resume/index.html,188,html,e3e5bbb1,Steven Ouyang,2025-10-08,22:46:17,-07:00,2025-10-08T22:46:17-07:00,0,0
resume/index.html,189,html,e3e5bbb1,Steven Ouyang,2025-10-08,22:46:17,-07:00,2025-10-08T22:46:17-07:00,6,8
resume/index.html,190,html,e3e5bbb1,Steven Ouyang,2025-10-08,22:46:17,-07:00,2025-10-08T22:46:17-07:00,0,0
resume/index.html,191,html,e3e5bbb1,Steven Ouyang,2025-10-08,22:46:17,-07:00,2025-10-08T22:46:17-07:00,6,25
resume/index.html,192,html,e3e5bbb1,Steven Ouyang,2025-10-08,22:46:17,-07:00,2025-10-08T22:46:17-07:00,8,24
resume/index.html,193,html,e3e5bbb1,Steven Ouyang,2025-10-08,22:46:17,-07:00,2025-10-08T22:46:17-07:00,10,22
resume/index.html,194,html,e3e5bbb1,Steven Ouyang,2025-10-08,22:46:17,-07:00,2025-10-08T22:46:17-07:00,12,59
resume/index.html,195,html,e3e5bbb1,Steven Ouyang,2025-10-08,22:46:17,-07:00,2025-10-08T22:46:17-07:00,12,37
resume/index.html,196,html,e3e5bbb1,Steven Ouyang,2025-10-08,22:46:17,-07:00,2025-10-08T22:46:17-07:00,10,4
resume/index.html,197,html,e3e5bbb1,Steven Ouyang,2025-10-08,22:46:17,-07:00,2025-10-08T22:46:17-07:00,10,23
resume/index.html,198,html,e3e5bbb1,Steven Ouyang,2025-10-08,22:46:17,-07:00,2025-10-08T22:46:17-07:00,12,47
resume/index.html,199,html,e3e5bbb1,Steven Ouyang,2025-10-08,22:46:17,-07:00,2025-10-08T22:46:17-07:00,12,73
resume/index.html,200,html,e3e5bbb1,Steven Ouyang,2025-10-08,22:46:17,-07:00,2025-10-08T22:46:17-07:00,10,4
resume/index.html,201,html,e3e5bbb1,Steven Ouyang,2025-10-08,22:46:17,-07:00,2025-10-08T22:46:17-07:00,8,4
resume/index.html,202,html,e3e5bbb1,Steven Ouyang,2025-10-08,22:46:17,-07:00,2025-10-08T22:46:17-07:00,0,0
resume/index.html,203,html,e3e5bbb1,Steven Ouyang,2025-10-08,22:46:17,-07:00,2025-10-08T22:46:17-07:00,8,2
resume/index.html,204,html,e3e5bbb1,Steven Ouyang,2025-10-08,22:46:17,-07:00,2025-10-08T22:46:17-07:00,10,125
resume/index.html,205,html,e3e5bbb1,Steven Ouyang,2025-10-08,22:46:17,-07:00,2025-10-08T22:46:17-07:00,10,165
resume/index.html,206,html,e3e5bbb1,Steven Ouyang,2025-10-08,22:46:17,-07:00,2025-10-08T22:46:17-07:00,10,143
resume/index.html,207,html,e3e5bbb1,Steven Ouyang,2025-10-08,22:46:17,-07:00,2025-10-08T22:46:17-07:00,10,162
resume/index.html,208,html,e3e5bbb1,Steven Ouyang,2025-10-08,22:46:17,-07:00,2025-10-08T22:46:17-07:00,8,3
resume/index.html,209,html,e3e5bbb1,Steven Ouyang,2025-10-08,22:46:17,-07:00,2025-10-08T22:46:17-07:00,6,8
resume/index.html,210,html,e3e5bbb1,Steven Ouyang,2025-10-08,22:46:17,-07:00,2025-10-08T22:46:17-07:00,0,0
resume/index.html,211,html,e3e5bbb1,Steven Ouyang,2025-10-08,22:46:17,-07:00,2025-10-08T22:46:17-07:00,4,8
resume/index.html,212,html,e3e5bbb1,Steven Ouyang,2025-10-08,22:46:17,-07:00,2025-10-08T22:46:17-07:00,0,0
resume/index.html,213,html,e3e5bbb1,Steven Ouyang,2025-10-08,22:46:17,-07:00,2025-10-08T22:46:17-07:00,0,0
resume/index.html,214,html,e3e5bbb1,Steven Ouyang,2025-10-08,22:46:17,-07:00,2025-10-08T22:46:17-07:00,4,7
resume/index.html,215,html,e3e5bbb1,Steven Ouyang,2025-10-08,22:46:17,-07:00,2025-10-08T22:46:17-07:00,6,0
resume/index.html,216,html,e3e5bbb1,Steven Ouyang,2025-10-08,22:46:17,-07:00,2025-10-08T22:46:17-07:00,6,48
resume/index.html,217,html,e3e5bbb1,Steven Ouyang,2025-10-08,22:46:17,-07:00,2025-10-08T22:46:17-07:00,6,0
resume/index.html,218,html,e3e5bbb1,Steven Ouyang,2025-10-08,22:46:17,-07:00,2025-10-08T22:46:17-07:00,6,24
resume/index.html,219,html,e3e5bbb1,Steven Ouyang,2025-10-08,22:46:17,-07:00,2025-10-08T22:46:17-07:00,8,24
resume/index.html,220,html,e3e5bbb1,Steven Ouyang,2025-10-08,22:46:17,-07:00,2025-10-08T22:46:17-07:00,10,22
resume/index.html,221,html,e3e5bbb1,Steven Ouyang,2025-10-08,22:46:17,-07:00,2025-10-08T22:46:17-07:00,12,50
resume/index.html,222,html,e3e5bbb1,Steven Ouyang,2025-10-08,22:46:17,-07:00,2025-10-08T22:46:17-07:00,12,61
resume/index.html,223,html,e3e5bbb1,Steven Ouyang,2025-10-08,22:46:17,-07:00,2025-10-08T22:46:17-07:00,10,4
resume/index.html,224,html,e3e5bbb1,Steven Ouyang,2025-10-08,22:46:17,-07:00,2025-10-08T22:46:17-07:00,10,23
resume/index.html,225,html,e3e5bbb1,Steven Ouyang,2025-10-08,22:46:17,-07:00,2025-10-08T22:46:17-07:00,12,42
resume/index.html,226,html,e3e5bbb1,Steven Ouyang,2025-10-08,22:46:17,-07:00,2025-10-08T22:46:17-07:00,12,113
resume/index.html,227,html,e3e5bbb1,Steven Ouyang,2025-10-08,22:46:17,-07:00,2025-10-08T22:46:17-07:00,10,4
resume/index.html,228,html,e3e5bbb1,Steven Ouyang,2025-10-08,22:46:17,-07:00,2025-10-08T22:46:17-07:00,8,4
resume/index.html,229,html,e3e5bbb1,Steven Ouyang,2025-10-08,22:46:17,-07:00,2025-10-08T22:46:17-07:00,0,0
resume/index.html,230,html,e3e5bbb1,Steven Ouyang,2025-10-08,22:46:17,-07:00,2025-10-08T22:46:17-07:00,8,2
resume/index.html,231,html,e3e5bbb1,Steven Ouyang,2025-10-08,22:46:17,-07:00,2025-10-08T22:46:17-07:00,10,175
resume/index.html,232,html,e3e5bbb1,Steven Ouyang,2025-10-08,22:46:17,-07:00,2025-10-08T22:46:17-07:00,10,163
resume/index.html,233,html,e3e5bbb1,Steven Ouyang,2025-10-08,22:46:17,-07:00,2025-10-08T22:46:17-07:00,10,111
resume/index.html,234,html,e3e5bbb1,Steven Ouyang,2025-10-08,22:46:17,-07:00,2025-10-08T22:46:17-07:00,8,3
resume/index.html,235,html,e3e5bbb1,Steven Ouyang,2025-10-08,22:46:17,-07:00,2025-10-08T22:46:17-07:00,6,8
resume/index.html,236,html,e3e5bbb1,Steven Ouyang,2025-10-08,22:46:17,-07:00,2025-10-08T22:46:17-07:00,0,0
resume/index.html,237,html,e3e5bbb1,Steven Ouyang,2025-10-08,22:46:17,-07:00,2025-10-08T22:46:17-07:00,0,0
resume/index.html,238,html,e3e5bbb1,Steven Ouyang,2025-10-08,22:46:17,-07:00,2025-10-08T22:46:17-07:00,4,8
resume/index.html,239,html,e3e5bbb1,Steven Ouyang,2025-10-08,22:46:17,-07:00,2025-10-08T22:46:17-07:00,2,5
resume/index.html,240,html,e14d3ad8,Steven Ouyang,2025-09-28,15:29:17,-07:00,2025-09-28T15:29:17-07:00,0,0
resume/index.html,241,html,e14d3ad8,Steven Ouyang,2025-09-28,15:29:17,-07:00,2025-09-28T15:29:17-07:00,0,5
resume/index.html,242,html,e14d3ad8,Steven Ouyang,2025-09-28,15:29:17,-07:00,2025-09-28T15:29:17-07:00,0,5
projects/projects.js,1,js,ea3d1acb,Steven Ouyang,2025-10-24,04:40:41,-05:00,2025-10-24T04:40:41-05:00,0,55
projects/projects.js,2,js,418fcbe9,Steven Ouyang,2025-10-31,00:02:00,-07:00,2025-10-31T00:02:00-07:00,0,63
projects/projects.js,3,js,418fcbe9,Steven Ouyang,2025-10-31,00:02:00,-07:00,2025-10-31T00:02:00-07:00,0,0
projects/projects.js,4,js,418fcbe9,Steven Ouyang,2025-10-31,00:02:00,-07:00,2025-10-31T00:02:00-07:00,0,0
projects/projects.js,5,js,ea3d1acb,Steven Ouyang,2025-10-24,04:40:41,-05:00,2025-10-24T04:40:41-05:00,0,55
projects/projects.js,6,js,ea3d1acb,Steven Ouyang,2025-10-24,04:40:41,-05:00,2025-10-24T04:40:41-05:00,0,60
projects/projects.js,7,js,ea3d1acb,Steven Ouyang,2025-10-24,04:40:41,-05:00,2025-10-24T04:40:41-05:00,0,50
projects/projects.js,8,js,ea3d1acb,Steven Ouyang,2025-10-24,04:40:41,-05:00,2025-10-24T04:40:41-05:00,2,52
projects/projects.js,9,js,ea3d1acb,Steven Ouyang,2025-10-24,04:40:41,-05:00,2025-10-24T04:40:41-05:00,2,40
projects/projects.js,10,js,ea3d1acb,Steven Ouyang,2025-10-24,04:40:41,-05:00,2025-10-24T04:40:41-05:00,0,0
projects/projects.js,11,js,ea3d1acb,Steven Ouyang,2025-10-24,04:40:41,-05:00,2025-10-24T04:40:41-05:00,2,54
projects/projects.js,12,js,ea3d1acb,Steven Ouyang,2025-10-24,04:40:41,-05:00,2025-10-24T04:40:41-05:00,2,48
projects/projects.js,13,js,ea3d1acb,Steven Ouyang,2025-10-24,04:40:41,-05:00,2025-10-24T04:40:41-05:00,0,0
projects/projects.js,14,js,418fcbe9,Steven Ouyang,2025-10-31,00:02:00,-07:00,2025-10-31T00:02:00-07:00,0,1
projects/projects.js,15,js,418fcbe9,Steven Ouyang,2025-10-31,00:02:00,-07:00,2025-10-31T00:02:00-07:00,0,0
projects/projects.js,16,js,ed9c9140,Steven Ouyang,2025-10-31,12:53:27,-07:00,2025-10-31T12:53:27-07:00,0,53
projects/projects.js,17,js,ed9c9140,Steven Ouyang,2025-10-31,12:53:27,-07:00,2025-10-31T12:53:27-07:00,0,21
projects/projects.js,18,js,ed9c9140,Steven Ouyang,2025-10-31,12:53:27,-07:00,2025-10-31T12:53:27-07:00,0,15
projects/projects.js,19,js,418fcbe9,Steven Ouyang,2025-10-31,00:02:00,-07:00,2025-10-31T00:02:00-07:00,0,0
projects/projects.js,20,js,ed9c9140,Steven Ouyang,2025-10-31,12:53:27,-07:00,2025-10-31T12:53:27-07:00,0,48
projects/projects.js,21,js,418fcbe9,Steven Ouyang,2025-10-31,00:02:00,-07:00,2025-10-31T00:02:00-07:00,0,0
projects/projects.js,22,js,ed9c9140,Steven Ouyang,2025-10-31,12:53:27,-07:00,2025-10-31T12:53:27-07:00,0,27
projects/projects.js,23,js,ed9c9140,Steven Ouyang,2025-10-31,12:53:27,-07:00,2025-10-31T12:53:27-07:00,0,34
projects/projects.js,24,js,ed9c9140,Steven Ouyang,2025-10-31,12:53:27,-07:00,2025-10-31T12:53:27-07:00,0,49
projects/projects.js,25,js,ed9c9140,Steven Ouyang,2025-10-31,12:53:27,-07:00,2025-10-31T12:53:27-07:00,0,59
projects/projects.js,26,js,418fcbe9,Steven Ouyang,2025-10-31,00:02:00,-07:00,2025-10-31T00:02:00-07:00,0,0
projects/projects.js,27,js,ed9c9140,Steven Ouyang,2025-10-31,12:53:27,-07:00,2025-10-31T12:53:27-07:00,0,30
projects/projects.js,28,js,ed9c9140,Steven Ouyang,2025-10-31,12:53:27,-07:00,2025-10-31T12:53:27-07:00,2,44
projects/projects.js,29,js,418fcbe9,Steven Ouyang,2025-10-31,00:02:00,-07:00,2025-10-31T00:02:00-07:00,0,0
projects/projects.js,30,js,ed9c9140,Steven Ouyang,2025-10-31,12:53:27,-07:00,2025-10-31T12:53:27-07:00,2,33
projects/projects.js,31,js,ed9c9140,Steven Ouyang,2025-10-31,12:53:27,-07:00,2025-10-31T12:53:27-07:00,4,55
projects/projects.js,32,js,ed9c9140,Steven Ouyang,2025-10-31,12:53:27,-07:00,2025-10-31T12:53:27-07:00,2,0
projects/projects.js,33,js,418fcbe9,Steven Ouyang,2025-10-31,00:02:00,-07:00,2025-10-31T00:02:00-07:00,0,0
projects/projects.js,34,js,ed9c9140,Steven Ouyang,2025-10-31,12:53:27,-07:00,2025-10-31T12:53:27-07:00,2,51
projects/projects.js,35,js,ed9c9140,Steven Ouyang,2025-10-31,12:53:27,-07:00,2025-10-31T12:53:27-07:00,4,48
projects/projects.js,36,js,ed9c9140,Steven Ouyang,2025-10-31,12:53:27,-07:00,2025-10-31T12:53:27-07:00,4,55
projects/projects.js,37,js,ed9c9140,Steven Ouyang,2025-10-31,12:53:27,-07:00,2025-10-31T12:53:27-07:00,2,0
projects/projects.js,38,js,418fcbe9,Steven Ouyang,2025-10-31,00:02:00,-07:00,2025-10-31T00:02:00-07:00,0,0
projects/projects.js,39,js,ed9c9140,Steven Ouyang,2025-10-31,12:53:27,-07:00,2025-10-31T12:53:27-07:00,2,14
projects/projects.js,40,js,ed9c9140,Steven Ouyang,2025-10-31,12:53:27,-07:00,2025-10-31T12:53:27-07:00,0,0
projects/projects.js,41,js,418fcbe9,Steven Ouyang,2025-10-31,00:02:00,-07:00,2025-10-31T00:02:00-07:00,0,0
projects/projects.js,42,js,418fcbe9,Steven Ouyang,2025-10-31,00:02:00,-07:00,2025-10-31T00:02:00-07:00,0,0
projects/projects.js,43,js,418fcbe9,Steven Ouyang,2025-10-31,00:02:00,-07:00,2025-10-31T00:02:00-07:00,0,0
projects/projects.js,44,js,ed9c9140,Steven Ouyang,2025-10-31,12:53:27,-07:00,2025-10-31T12:53:27-07:00,0,38
projects/projects.js,45,js,418fcbe9,Steven Ouyang,2025-10-31,00:02:00,-07:00,2025-10-31T00:02:00-07:00,0,0
projects/projects.js,46,js,ed9c9140,Steven Ouyang,2025-10-31,12:53:27,-07:00,2025-10-31T12:53:27-07:00,1,26
projects/projects.js,47,js,ed9c9140,Steven Ouyang,2025-10-31,12:53:27,-07:00,2025-10-31T12:53:27-07:00,1,29
projects/projects.js,48,js,ed9c9140,Steven Ouyang,2025-10-31,12:53:27,-07:00,2025-10-31T12:53:27-07:00,1,0
projects/projects.js,49,js,ed9c9140,Steven Ouyang,2025-10-31,12:53:27,-07:00,2025-10-31T12:53:27-07:00,1,25
projects/projects.js,50,js,ed9c9140,Steven Ouyang,2025-10-31,12:53:27,-07:00,2025-10-31T12:53:27-07:00,1,26
projects/projects.js,51,js,ed9c9140,Steven Ouyang,2025-10-31,12:53:27,-07:00,2025-10-31T12:53:27-07:00,2,12
projects/projects.js,52,js,ed9c9140,Steven Ouyang,2025-10-31,12:53:27,-07:00,2025-10-31T12:53:27-07:00,2,14
projects/projects.js,53,js,ed9c9140,Steven Ouyang,2025-10-31,12:53:27,-07:00,2025-10-31T12:53:27-07:00,2,12
projects/projects.js,54,js,ed9c9140,Steven Ouyang,2025-10-31,12:53:27,-07:00,2025-10-31T12:53:27-07:00,1,0
projects/projects.js,55,js,ed9c9140,Steven Ouyang,2025-10-31,12:53:27,-07:00,2025-10-31T12:53:27-07:00,1,18
projects/projects.js,56,js,ed9c9140,Steven Ouyang,2025-10-31,12:53:27,-07:00,2025-10-31T12:53:27-07:00,2,75
projects/projects.js,57,js,ed9c9140,Steven Ouyang,2025-10-31,12:53:27,-07:00,2025-10-31T12:53:27-07:00,2,31
projects/projects.js,58,js,ed9c9140,Steven Ouyang,2025-10-31,12:53:27,-07:00,2025-10-31T12:53:27-07:00,0,0
projects/projects.js,59,js,ed9c9140,Steven Ouyang,2025-10-31,12:53:27,-07:00,2025-10-31T12:53:27-07:00,1,50
projects/projects.js,60,js,ed9c9140,Steven Ouyang,2025-10-31,12:53:27,-07:00,2025-10-31T12:53:27-07:00,1,50
projects/projects.js,61,js,ed9c9140,Steven Ouyang,2025-10-31,12:53:27,-07:00,2025-10-31T12:53:27-07:00,1,36
projects/projects.js,62,js,ed9c9140,Steven Ouyang,2025-10-31,12:53:27,-07:00,2025-10-31T12:53:27-07:00,1,45
projects/projects.js,63,js,ed9c9140,Steven Ouyang,2025-10-31,12:53:27,-07:00,2025-10-31T12:53:27-07:00,1,33
projects/projects.js,64,js,ed9c9140,Steven Ouyang,2025-10-31,12:53:27,-07:00,2025-10-31T12:53:27-07:00,0,0
projects/projects.js,65,js,ed9c9140,Steven Ouyang,2025-10-31,12:53:27,-07:00,2025-10-31T12:53:27-07:00,0,0
projects/projects.js,66,js,ed9c9140,Steven Ouyang,2025-10-31,12:53:27,-07:00,2025-10-31T12:53:27-07:00,1,53
projects/projects.js,67,js,ed9c9140,Steven Ouyang,2025-10-31,12:53:27,-07:00,2025-10-31T12:53:27-07:00,1,19
projects/projects.js,68,js,ed9c9140,Steven Ouyang,2025-10-31,12:53:27,-07:00,2025-10-31T12:53:27-07:00,3,12
projects/projects.js,69,js,ed9c9140,Steven Ouyang,2025-10-31,12:53:27,-07:00,2025-10-31T12:53:27-07:00,3,6
projects/projects.js,70,js,ed9c9140,Steven Ouyang,2025-10-31,12:53:27,-07:00,2025-10-31T12:53:27-07:00,3,13
projects/projects.js,71,js,ed9c9140,Steven Ouyang,2025-10-31,12:53:27,-07:00,2025-10-31T12:53:27-07:00,3,22
projects/projects.js,72,js,ed9c9140,Steven Ouyang,2025-10-31,12:53:27,-07:00,2025-10-31T12:53:27-07:00,3,32
projects/projects.js,73,js,ed9c9140,Steven Ouyang,2025-10-31,12:53:27,-07:00,2025-10-31T12:53:27-07:00,3,25
projects/projects.js,74,js,ed9c9140,Steven Ouyang,2025-10-31,12:53:27,-07:00,2025-10-31T12:53:27-07:00,3,26
projects/projects.js,75,js,ed9c9140,Steven Ouyang,2025-10-31,12:53:27,-07:00,2025-10-31T12:53:27-07:00,4,27
projects/projects.js,76,js,ed9c9140,Steven Ouyang,2025-10-31,12:53:27,-07:00,2025-10-31T12:53:27-07:00,4,43
projects/projects.js,77,js,418fcbe9,Steven Ouyang,2025-10-31,00:02:00,-07:00,2025-10-31T00:02:00-07:00,0,0
projects/projects.js,78,js,ed9c9140,Steven Ouyang,2025-10-31,12:53:27,-07:00,2025-10-31T12:53:27-07:00,4,19
projects/projects.js,79,js,ed9c9140,Steven Ouyang,2025-10-31,12:53:27,-07:00,2025-10-31T12:53:27-07:00,4,66
projects/projects.js,80,js,418fcbe9,Steven Ouyang,2025-10-31,00:02:00,-07:00,2025-10-31T00:02:00-07:00,0,0
projects/projects.js,81,js,ed9c9140,Steven Ouyang,2025-10-31,12:53:27,-07:00,2025-10-31T12:53:27-07:00,4,20
projects/projects.js,82,js,ed9c9140,Steven Ouyang,2025-10-31,12:53:27,-07:00,2025-10-31T12:53:27-07:00,4,89
projects/projects.js,83,js,418fcbe9,Steven Ouyang,2025-10-31,00:02:00,-07:00,2025-10-31T00:02:00-07:00,0,0
projects/projects.js,84,js,ed9c9140,Steven Ouyang,2025-10-31,12:53:27,-07:00,2025-10-31T12:53:27-07:00,4,37
projects/projects.js,85,js,ed9c9140,Steven Ouyang,2025-10-31,12:53:27,-07:00,2025-10-31T12:53:27-07:00,4,48
projects/projects.js,86,js,418fcbe9,Steven Ouyang,2025-10-31,00:02:00,-07:00,2025-10-31T00:02:00-07:00,0,0
projects/projects.js,87,js,ed9c9140,Steven Ouyang,2025-10-31,12:53:27,-07:00,2025-10-31T12:53:27-07:00,3,0
projects/projects.js,88,js,ed9c9140,Steven Ouyang,2025-10-31,12:53:27,-07:00,2025-10-31T12:53:27-07:00,3,0
projects/projects.js,89,js,418fcbe9,Steven Ouyang,2025-10-31,00:02:00,-07:00,2025-10-31T00:02:00-07:00,0,0
projects/projects.js,90,js,418fcbe9,Steven Ouyang,2025-10-31,00:02:00,-07:00,2025-10-31T00:02:00-07:00,0,0
projects/projects.js,91,js,ed9c9140,Steven Ouyang,2025-10-31,12:53:27,-07:00,2025-10-31T12:53:27-07:00,4,0
projects/projects.js,92,js,418fcbe9,Steven Ouyang,2025-10-31,00:02:00,-07:00,2025-10-31T00:02:00-07:00,0,0
projects/projects.js,93,js,ed9c9140,Steven Ouyang,2025-10-31,12:53:27,-07:00,2025-10-31T12:53:27-07:00,1,27
projects/projects.js,94,js,ed9c9140,Steven Ouyang,2025-10-31,12:53:27,-07:00,2025-10-31T12:53:27-07:00,3,4
projects/projects.js,95,js,ed9c9140,Steven Ouyang,2025-10-31,12:53:27,-07:00,2025-10-31T12:53:27-07:00,5,11
projects/projects.js,96,js,ed9c9140,Steven Ouyang,2025-10-31,12:53:27,-07:00,2025-10-31T12:53:27-07:00,5,38
projects/projects.js,97,js,ed9c9140,Steven Ouyang,2025-10-31,12:53:27,-07:00,2025-10-31T12:53:27-07:00,5,27
projects/projects.js,98,js,ed9c9140,Steven Ouyang,2025-10-31,12:53:27,-07:00,2025-10-31T12:53:27-07:00,5,71
projects/projects.js,99,js,ed9c9140,Steven Ouyang,2025-10-31,12:53:27,-07:00,2025-10-31T12:53:27-07:00,1,1
projects/projects.js,100,js,ed9c9140,Steven Ouyang,2025-10-31,12:53:27,-07:00,2025-10-31T12:53:27-07:00,0,0
projects/projects.js,101,js,418fcbe9,Steven Ouyang,2025-10-31,00:02:00,-07:00,2025-10-31T00:02:00-07:00,0,0
projects/projects.js,102,js,ed9c9140,Steven Ouyang,2025-10-31,12:53:27,-07:00,2025-10-31T12:53:27-07:00,0,32
projects/projects.js,103,js,ed9c9140,Steven Ouyang,2025-10-31,12:53:27,-07:00,2025-10-31T12:53:27-07:00,0,23
projects/projects.js,104,js,418fcbe9,Steven Ouyang,2025-10-31,00:02:00,-07:00,2025-10-31T00:02:00-07:00,0,0
projects/projects.js,105,js,ed9c9140,Steven Ouyang,2025-10-31,12:53:27,-07:00,2025-10-31T12:53:27-07:00,0,48
projects/projects.js,106,js,ed9c9140,Steven Ouyang,2025-10-31,12:53:27,-07:00,2025-10-31T12:53:27-07:00,1,45
projects/projects.js,107,js,418fcbe9,Steven Ouyang,2025-10-31,00:02:00,-07:00,2025-10-31T00:02:00-07:00,0,0
projects/projects.js,108,js,ed9c9140,Steven Ouyang,2025-10-31,12:53:27,-07:00,2025-10-31T12:53:27-07:00,1,17
projects/projects.js,109,js,ed9c9140,Steven Ouyang,2025-10-31,12:53:27,-07:00,2025-10-31T12:53:27-07:00,4,17
projects/projects.js,110,js,ed9c9140,Steven Ouyang,2025-10-31,12:53:27,-07:00,2025-10-31T12:53:27-07:00,2,0
projects/projects.js,111,js,418fcbe9,Steven Ouyang,2025-10-31,00:02:00,-07:00,2025-10-31T00:02:00-07:00,0,0
projects/projects.js,112,js,ed9c9140,Steven Ouyang,2025-10-31,12:53:27,-07:00,2025-10-31T12:53:27-07:00,1,37
projects/projects.js,113,js,418fcbe9,Steven Ouyang,2025-10-31,00:02:00,-07:00,2025-10-31T00:02:00-07:00,0,0
projects/projects.js,114,js,418fcbe9,Steven Ouyang,2025-10-31,00:02:00,-07:00,2025-10-31T00:02:00-07:00,0,0
projects/projects.js,115,js,ed9c9140,Steven Ouyang,2025-10-31,12:53:27,-07:00,2025-10-31T12:53:27-07:00,2,48
projects/projects.js,116,js,ed9c9140,Steven Ouyang,2025-10-31,12:53:27,-07:00,2025-10-31T12:53:27-07:00,2,23
projects/projects.js,117,js,418fcbe9,Steven Ouyang,2025-10-31,00:02:00,-07:00,2025-10-31T00:02:00-07:00,0,1
projects/projects.js,118,js,418fcbe9,Steven Ouyang,2025-10-31,00:02:00,-07:00,2025-10-31T00:02:00-07:00,0,0
projects/projects.js,119,js,418fcbe9,Steven Ouyang,2025-10-31,00:02:00,-07:00,2025-10-31T00:02:00-07:00,0,0
projects/projects.js,120,js,418fcbe9,Steven Ouyang,2025-10-31,00:02:00,-07:00,2025-10-31T00:02:00-07:00,0,0
projects/index.html,1,html,38454035,Steven Ouyang,2025-09-27,16:05:08,-07:00,2025-09-27T16:05:08-07:00,0,13
projects/index.html,2,html,38454035,Steven Ouyang,2025-09-27,16:05:08,-07:00,2025-09-27T16:05:08-07:00,0,14
projects/index.html,3,html,38454035,Steven Ouyang,2025-09-27,16:05:08,-07:00,2025-09-27T16:05:08-07:00,0,4
projects/index.html,4,html,38454035,Steven Ouyang,2025-09-27,16:05:08,-07:00,2025-09-27T16:05:08-07:00,2,20
projects/index.html,5,html,38454035,Steven Ouyang,2025-09-27,16:05:08,-07:00,2025-09-27T16:05:08-07:00,2,68
projects/index.html,6,html,e3e5bbb1,Steven Ouyang,2025-10-08,22:46:17,-07:00,2025-10-08T22:46:17-07:00,2,20
projects/index.html,7,html,a229973a,Steven Ouyang,2025-10-16,10:07:59,-07:00,2025-10-16T10:07:59-07:00,2,45
projects/index.html,8,html,ea3d1acb,Steven Ouyang,2025-10-24,04:40:41,-05:00,2025-10-24T04:40:41-05:00,2,48
projects/index.html,9,html,ea3d1acb,Steven Ouyang,2025-10-24,04:40:41,-05:00,2025-10-24T04:40:41-05:00,2,47
projects/index.html,10,html,cf13298b,Steven Ouyang,2025-10-24,10:42:45,-05:00,2025-10-24T10:42:45-05:00,2,53
projects/index.html,11,html,ea3d1acb,Steven Ouyang,2025-10-24,04:40:41,-05:00,2025-10-24T04:40:41-05:00,0,0
projects/index.html,12,html,38454035,Steven Ouyang,2025-09-27,16:05:08,-07:00,2025-09-27T16:05:08-07:00,0,5
projects/index.html,13,html,38454035,Steven Ouyang,2025-09-27,16:05:08,-07:00,2025-09-27T16:05:08-07:00,0,4
projects/index.html,14,html,eb1048d6,Steven Ouyang,2025-09-28,16:40:04,-07:00,2025-09-28T16:40:04-07:00,2,0
projects/index.html,15,html,a229973a,Steven Ouyang,2025-10-16,10:07:59,-07:00,2025-10-16T10:07:59-07:00,2,0
projects/index.html,16,html,eb1048d6,Steven Ouyang,2025-09-28,16:40:04,-07:00,2025-09-28T16:40:04-07:00,0,0
projects/index.html,17,html,ea3d1acb,Steven Ouyang,2025-10-24,04:40:41,-05:00,2025-10-24T04:40:41-05:00,2,27
projects/index.html,18,html,eb1048d6,Steven Ouyang,2025-09-28,16:40:04,-07:00,2025-09-28T16:40:04-07:00,4,6
projects/index.html,19,html,eb1048d6,Steven Ouyang,2025-09-28,16:40:04,-07:00,2025-09-28T16:40:04-07:00,2,3
projects/index.html,20,html,418fcbe9,Steven Ouyang,2025-10-31,00:02:00,-07:00,2025-10-31T00:02:00-07:00,2,21
projects/index.html,21,html,418fcbe9,Steven Ouyang,2025-10-31,00:02:00,-07:00,2025-10-31T00:02:00-07:00,4,52
projects/index.html,22,html,418fcbe9,Steven Ouyang,2025-10-31,00:02:00,-07:00,2025-10-31T00:02:00-07:00,6,38
projects/index.html,23,html,418fcbe9,Steven Ouyang,2025-10-31,00:02:00,-07:00,2025-10-31T00:02:00-07:00,4,4
projects/index.html,24,html,418fcbe9,Steven Ouyang,2025-10-31,00:02:00,-07:00,2025-10-31T00:02:00-07:00,4,17
projects/index.html,25,html,418fcbe9,Steven Ouyang,2025-10-31,00:02:00,-07:00,2025-10-31T00:02:00-07:00,6,25
projects/index.html,26,html,418fcbe9,Steven Ouyang,2025-10-31,00:02:00,-07:00,2025-10-31T00:02:00-07:00,4,3
projects/index.html,27,html,418fcbe9,Steven Ouyang,2025-10-31,00:02:00,-07:00,2025-10-31T00:02:00-07:00,2,4
projects/index.html,28,html,418fcbe9,Steven Ouyang,2025-10-31,00:02:00,-07:00,2025-10-31T00:02:00-07:00,2,4
projects/index.html,29,html,418fcbe9,Steven Ouyang,2025-10-31,00:02:00,-07:00,2025-10-31T00:02:00-07:00,6,15
projects/index.html,30,html,418fcbe9,Steven Ouyang,2025-10-31,00:02:00,-07:00,2025-10-31T00:02:00-07:00,6,11
projects/index.html,31,html,418fcbe9,Steven Ouyang,2025-10-31,00:02:00,-07:00,2025-10-31T00:02:00-07:00,6,26
projects/index.html,32,html,418fcbe9,Steven Ouyang,2025-10-31,00:02:00,-07:00,2025-10-31T00:02:00-07:00,6,31
projects/index.html,33,html,418fcbe9,Steven Ouyang,2025-10-31,00:02:00,-07:00,2025-10-31T00:02:00-07:00,4,0
projects/index.html,34,html,ea3d1acb,Steven Ouyang,2025-10-24,04:40:41,-05:00,2025-10-24T04:40:41-05:00,2,20
projects/index.html,35,html,ea3d1acb,Steven Ouyang,2025-10-24,04:40:41,-05:00,2025-10-24T04:40:41-05:00,4,32
projects/index.html,36,html,e3e5bbb1,Steven Ouyang,2025-10-08,22:46:17,-07:00,2025-10-08T22:46:17-07:00,2,4
projects/index.html,37,html,e3e5bbb1,Steven Ouyang,2025-10-08,22:46:17,-07:00,2025-10-08T22:46:17-07:00,0,0
projects/index.html,38,html,e3e5bbb1,Steven Ouyang,2025-10-08,22:46:17,-07:00,2025-10-08T22:46:17-07:00,0,0
projects/index.html,39,html,38454035,Steven Ouyang,2025-09-27,16:05:08,-07:00,2025-09-27T16:05:08-07:00,0,5
projects/index.html,40,html,38454035,Steven Ouyang,2025-09-27,16:05:08,-07:00,2025-09-27T16:05:08-07:00,0,5
contact/index.html,1,html,38454035,Steven Ouyang,2025-09-27,16:05:08,-07:00,2025-09-27T16:05:08-07:00,0,13
contact/index.html,2,html,38454035,Steven Ouyang,2025-09-27,16:05:08,-07:00,2025-09-27T16:05:08-07:00,0,14
contact/index.html,3,html,38454035,Steven Ouyang,2025-09-27,16:05:08,-07:00,2025-09-27T16:05:08-07:00,0,4
contact/index.html,4,html,38454035,Steven Ouyang,2025-09-27,16:05:08,-07:00,2025-09-27T16:05:08-07:00,2,20
contact/index.html,5,html,38454035,Steven Ouyang,2025-09-27,16:05:08,-07:00,2025-09-27T16:05:08-07:00,2,68
contact/index.html,6,html,38454035,Steven Ouyang,2025-09-27,16:05:08,-07:00,2025-09-27T16:05:08-07:00,2,20
contact/index.html,7,html,e3e5bbb1,Steven Ouyang,2025-10-08,22:46:17,-07:00,2025-10-08T22:46:17-07:00,2,41
contact/index.html,8,html,a229973a,Steven Ouyang,2025-10-16,10:07:59,-07:00,2025-10-16T10:07:59-07:00,2,52
contact/index.html,9,html,38454035,Steven Ouyang,2025-09-27,16:05:08,-07:00,2025-09-27T16:05:08-07:00,0,5
contact/index.html,10,html,38454035,Steven Ouyang,2025-09-27,16:05:08,-07:00,2025-09-27T16:05:08-07:00,0,4
contact/index.html,11,html,728c82d1,Steven Ouyang,2025-09-28,14:01:05,-07:00,2025-09-28T14:01:05-07:00,2,0
contact/index.html,12,html,a229973a,Steven Ouyang,2025-10-16,10:07:59,-07:00,2025-10-16T10:07:59-07:00,2,0
contact/index.html,13,html,728c82d1,Steven Ouyang,2025-09-28,14:01:05,-07:00,2025-09-28T14:01:05-07:00,2,0
contact/index.html,14,html,eb1048d6,Steven Ouyang,2025-09-28,16:40:04,-07:00,2025-09-28T16:40:04-07:00,2,2
contact/index.html,15,html,eb1048d6,Steven Ouyang,2025-09-28,16:40:04,-07:00,2025-09-28T16:40:04-07:00,4,5
contact/index.html,16,html,eb1048d6,Steven Ouyang,2025-09-28,16:40:04,-07:00,2025-09-28T16:40:04-07:00,2,3
contact/index.html,17,html,eb1048d6,Steven Ouyang,2025-09-28,16:40:04,-07:00,2025-09-28T16:40:04-07:00,0,0
contact/index.html,18,html,eb1048d6,Steven Ouyang,2025-09-28,16:40:04,-07:00,2025-09-28T16:40:04-07:00,2,0
contact/index.html,19,html,728c82d1,Steven Ouyang,2025-09-28,14:01:05,-07:00,2025-09-28T14:01:05-07:00,2,0
contact/index.html,20,html,a229973a,Steven Ouyang,2025-10-16,10:07:59,-07:00,2025-10-16T10:07:59-07:00,2,44
contact/index.html,21,html,e3e5bbb1,Steven Ouyang,2025-10-08,22:46:17,-07:00,2025-10-08T22:46:17-07:00,4,23
contact/index.html,22,html,728c82d1,Steven Ouyang,2025-09-28,14:01:05,-07:00,2025-09-28T14:01:05-07:00,4,31
contact/index.html,23,html,e3e5bbb1,Steven Ouyang,2025-10-08,22:46:17,-07:00,2025-10-08T22:46:17-07:00,4,6
contact/index.html,24,html,e3e5bbb1,Steven Ouyang,2025-10-08,22:46:17,-07:00,2025-10-08T22:46:17-07:00,0,0
contact/index.html,25,html,e3e5bbb1,Steven Ouyang,2025-10-08,22:46:17,-07:00,2025-10-08T22:46:17-07:00,4,27
contact/index.html,26,html,728c82d1,Steven Ouyang,2025-09-28,14:01:05,-07:00,2025-09-28T14:01:05-07:00,4,20
contact/index.html,27,html,e3e5bbb1,Steven Ouyang,2025-10-08,22:46:17,-07:00,2025-10-08T22:46:17-07:00,4,6
contact/index.html,28,html,728c82d1,Steven Ouyang,2025-09-28,14:01:05,-07:00,2025-09-28T14:01:05-07:00,2,0
contact/index.html,29,html,e3e5bbb1,Steven Ouyang,2025-10-08,22:46:17,-07:00,2025-10-08T22:46:17-07:00,4,24
contact/index.html,30,html,728c82d1,Steven Ouyang,2025-09-28,14:01:05,-07:00,2025-09-28T14:01:05-07:00,4,31
contact/index.html,31,html,e3e5bbb1,Steven Ouyang,2025-10-08,22:46:17,-07:00,2025-10-08T22:46:17-07:00,4,6
contact/index.html,32,html,728c82d1,Steven Ouyang,2025-09-28,14:01:05,-07:00,2025-09-28T14:01:05-07:00,2,0
contact/index.html,33,html,e3e5bbb1,Steven Ouyang,2025-10-08,22:46:17,-07:00,2025-10-08T22:46:17-07:00,4,19
contact/index.html,34,html,728c82d1,Steven Ouyang,2025-09-28,14:01:05,-07:00,2025-09-28T14:01:05-07:00,2,5
contact/index.html,35,html,38454035,Steven Ouyang,2025-09-27,16:05:08,-07:00,2025-09-27T16:05:08-07:00,0,5
contact/index.html,36,html,38454035,Steven Ouyang,2025-09-27,16:05:08,-07:00,2025-09-27T16:05:08-07:00,0,5
